,DateTime,Latitude,Longitude,xco2,xco2_quality_flag,pressure_levels,Year,Month,Day
0,2014-11-01 07:41:03.310,10.418158,84.83929,397.38965,1,0.10124497,2014,11,1
1,2014-11-01 07:41:03.320,10.407045,84.84201,401.33734,1,0.101401985,2014,11,1
2,2014-11-01 07:41:03.710,10.436708,84.83482,397.86118,1,0.101129845,2014,11,1
3,2014-11-01 07:41:03.720,10.425596,84.83755,398.38712,1,0.10105141,2014,11,1
4,2014-11-01 07:41:03.730,10.41439,84.840195,398.12604,0,0.10128427,2014,11,1
5,2014-11-01 07:41:03.740,10.403123,84.84275,398.1238,1,0.10120586,2014,11,1
6,2014-11-01 07:41:04.010,10.455259,84.83035,397.29456,1,0.101068705,2014,11,1
7,2014-11-01 07:41:04.030,10.4329405,84.83574,398.8955,1,0.101028286,2014,11,1
8,2014-11-01 07:41:04.040,10.421674,84.838295,399.31195,1,0.10100005,2014,11,1
9,2014-11-01 07:41:04.050,10.410463,84.840744,396.91354,1,0.10130228,2014,11,1
10,2014-11-01 07:41:04.310,10.473828,84.82584,398.0225,0,0.10113415,2014,11,1
11,2014-11-01 07:41:04.320,10.462718,84.828575,396.89566,1,0.10097395,2014,11,1
12,2014-11-01 07:41:04.330,10.451512,84.83123,397.40396,1,0.101166256,2014,11,1
13,2014-11-01 07:41:04.340,10.440248,84.833786,398.7135,1,0.1010617,2014,11,1
14,2014-11-01 07:41:04.350,10.42904,84.83623,398.5746,1,0.10098508,2014,11,1
15,2014-11-01 07:41:04.360,10.417757,84.83858,397.7115,1,0.10111589,2014,11,1
16,2014-11-01 07:41:04.370,10.406432,84.840836,396.34985,1,0.1013058,2014,11,1
17,2014-11-01 07:41:04.720,10.481295,84.82404,397.2854,0,0.10117634,2014,11,1
18,2014-11-01 07:41:04.730,10.47009,84.826706,397.02765,0,0.10102259,2014,11,1
19,2014-11-01 07:41:04.740,10.458824,84.82927,396.70135,1,0.100975275,2014,11,1
20,2014-11-01 07:41:04.750,10.447617,84.83171,397.81494,1,0.10105842,2014,11,1
21,2014-11-01 07:41:04.760,10.436333,84.83407,398.38345,1,0.10110764,2014,11,1
22,2014-11-01 07:41:04.770,10.425009,84.83633,397.8178,1,0.10108969,2014,11,1
23,2014-11-01 07:41:04.780,10.413635,84.83849,399.555,1,0.1011625,2014,11,1
24,2014-11-01 07:41:05.010,10.510982,84.81677,397.17062,1,0.1011989,2014,11,1
25,2014-11-01 07:41:05.030,10.488667,84.82218,397.53418,1,0.10119436,2014,11,1
26,2014-11-01 07:41:05.040,10.477401,84.824745,397.51135,1,0.101086155,2014,11,1
27,2014-11-01 07:41:05.050,10.466193,84.8272,396.85208,1,0.10094014,2014,11,1
28,2014-11-01 07:41:05.060,10.454916,84.82956,397.02625,1,0.10108015,2014,11,1
29,2014-11-01 07:41:05.070,10.443598,84.831825,397.95465,1,0.101139754,2014,11,1
30,2014-11-01 07:41:05.080,10.432232,84.83399,397.83398,1,0.10101482,2014,11,1
31,2014-11-01 07:41:05.310,10.529617,84.81222,396.93347,1,0.10101439,2014,11,1
32,2014-11-01 07:41:05.320,10.518515,84.814964,398.13,1,0.1010374,2014,11,1
33,2014-11-01 07:41:05.330,10.507317,84.817635,397.1452,1,0.10110713,2014,11,1
34,2014-11-01 07:41:05.340,10.496059,84.820206,399.77866,1,0.10114029,2014,11,1
35,2014-11-01 07:41:05.350,10.484858,84.822655,397.04868,1,0.10111378,2014,11,1
36,2014-11-01 07:41:05.360,10.473581,84.82502,396.79596,0,0.10120245,2014,11,1
37,2014-11-01 07:41:05.370,10.462264,84.82729,396.98178,0,0.10102106,2014,11,1
38,2014-11-01 07:41:05.380,10.450897,84.82946,397.79062,1,0.10102184,2014,11,1
39,2014-11-01 07:41:05.710,10.548284,84.807655,397.65863,1,0.10100476,2014,11,1
40,2014-11-01 07:41:05.720,10.537181,84.81041,396.92685,1,0.10086163,2014,11,1
41,2014-11-01 07:41:05.730,10.525983,84.81308,397.54553,1,0.10096319,2014,11,1
42,2014-11-01 07:41:05.740,10.514725,84.81566,398.1372,1,0.10109711,2014,11,1
43,2014-11-01 07:41:05.770,10.480929,84.82276,396.74243,1,0.10118233,2014,11,1
44,2014-11-01 07:41:05.780,10.469563,84.824936,396.75693,1,0.1011229,2014,11,1
45,2014-11-01 07:41:06.010,10.566949,84.80309,396.629,1,0.100930065,2014,11,1
46,2014-11-01 07:41:06.020,10.555846,84.805855,396.78464,0,0.10098994,2014,11,1
47,2014-11-01 07:41:06.030,10.544648,84.808525,396.96036,1,0.10102526,2014,11,1
48,2014-11-01 07:41:06.040,10.53339,84.81111,397.0176,1,0.10091902,2014,11,1
49,2014-11-01 07:41:06.050,10.522189,84.813576,397.90707,1,0.10094072,2014,11,1
50,2014-11-01 07:41:06.060,10.510918,84.815956,397.24432,1,0.10119136,2014,11,1
51,2014-11-01 07:41:06.080,10.488242,84.82042,397.46484,1,0.101301074,2014,11,1
52,2014-11-01 07:41:06.310,10.585657,84.79856,396.21548,1,0.100962855,2014,11,1
53,2014-11-01 07:41:06.320,10.574559,84.80133,396.33624,0,0.10099068,2014,11,1
54,2014-11-01 07:41:06.330,10.563367,84.80401,396.036,0,0.10095039,2014,11,1
55,2014-11-01 07:41:06.340,10.5521145,84.8066,396.0445,1,0.100953035,2014,11,1
56,2014-11-01 07:41:06.350,10.540918,84.809074,397.6279,1,0.10095428,2014,11,1
57,2014-11-01 07:41:06.360,10.529647,84.811455,396.4914,1,0.10099763,2014,11,1
58,2014-11-01 07:41:06.370,10.518334,84.81374,398.95837,1,0.10097706,2014,11,1
59,2014-11-01 07:41:06.710,10.604386,84.794044,395.9064,0,0.10096395,2014,11,1
60,2014-11-01 07:41:06.720,10.593289,84.796814,396.47452,0,0.10100451,2014,11,1
61,2014-11-01 07:41:06.730,10.582096,84.7995,397.02628,1,0.10099223,2014,11,1
62,2014-11-01 07:41:06.740,10.570844,84.80209,396.50436,1,0.100903854,2014,11,1
63,2014-11-01 07:41:06.750,10.559648,84.80457,396.53494,0,0.1008995,2014,11,1
64,2014-11-01 07:41:06.760,10.548376,84.80696,396.6917,1,0.10095603,2014,11,1
65,2014-11-01 07:41:06.770,10.537064,84.80926,396.24854,0,0.10102207,2014,11,1
66,2014-11-01 07:41:06.780,10.525701,84.811455,396.83112,1,0.10093012,2014,11,1
67,2014-11-01 07:41:07.010,10.623116,84.78953,395.95184,1,0.101004064,2014,11,1
68,2014-11-01 07:41:07.020,10.612019,84.7923,396.57318,0,0.100933015,2014,11,1
69,2014-11-01 07:41:07.030,10.600825,84.79499,396.2996,1,0.101008736,2014,11,1
70,2014-11-01 07:41:07.040,10.589573,84.79759,396.24948,1,0.100917086,2014,11,1
71,2014-11-01 07:41:07.050,10.578377,84.80008,395.7415,0,0.100890726,2014,11,1
72,2014-11-01 07:41:07.060,10.5671015,84.80247,396.31348,0,0.10093187,2014,11,1
73,2014-11-01 07:41:07.070,10.555785,84.80477,396.6461,0,0.10108135,2014,11,1
74,2014-11-01 07:41:07.080,10.544418,84.80697,396.30432,0,0.10096783,2014,11,1
75,2014-11-01 07:41:07.320,10.630709,84.78779,396.78415,1,0.100862674,2014,11,1
76,2014-11-01 07:41:07.330,10.619513,84.79049,396.9273,0,0.100926474,2014,11,1
77,2014-11-01 07:41:07.340,10.608255,84.79309,396.60547,1,0.100905254,2014,11,1
78,2014-11-01 07:41:07.350,10.597055,84.795586,396.24078,0,0.10090921,2014,11,1
79,2014-11-01 07:41:07.360,10.585779,84.79798,396.3733,0,0.10104241,2014,11,1
80,2014-11-01 07:41:07.370,10.574462,84.800285,396.0269,0,0.10109308,2014,11,1
81,2014-11-01 07:41:07.380,10.563095,84.80249,396.04202,0,0.10098928,2014,11,1
82,2014-11-01 07:41:07.710,10.660487,84.780495,395.67084,1,0.10098097,2014,11,1
83,2014-11-01 07:41:07.720,10.649386,84.78328,396.52795,1,0.100851774,2014,11,1
84,2014-11-01 07:41:07.740,10.626933,84.7886,397.71536,1,0.10076695,2014,11,1
85,2014-11-01 07:41:07.750,10.615733,84.79109,395.86853,0,0.10097331,2014,11,1
86,2014-11-01 07:41:07.760,10.604457,84.793495,396.67862,0,0.100911275,2014,11,1
87,2014-11-01 07:41:07.770,10.59314,84.7958,396.2853,0,0.10101847,2014,11,1
88,2014-11-01 07:41:07.780,10.581772,84.79801,395.8369,0,0.10104159,2014,11,1
89,2014-11-01 07:41:08.010,10.679165,84.775986,396.77042,1,0.10092887,2014,11,1
90,2014-11-01 07:41:08.020,10.668064,84.77878,396.1931,0,0.10102885,2014,11,1
91,2014-11-01 07:41:08.030,10.656867,84.78149,396.12607,1,0.10100011,2014,11,1
92,2014-11-01 07:41:08.040,10.645611,84.7841,396.49652,1,0.10057975,2014,11,1
93,2014-11-01 07:41:08.070,10.6118145,84.79133,396.13458,0,0.1010651,2014,11,1
94,2014-11-01 07:41:08.080,10.600446,84.79355,396.5208,1,0.10107487,2014,11,1
95,2014-11-01 07:41:08.310,10.697832,84.7715,396.67188,1,0.100869566,2014,11,1
96,2014-11-01 07:41:08.320,10.68673,84.7743,397.39444,1,0.10085593,2014,11,1
97,2014-11-01 07:41:08.330,10.675532,84.77702,397.939,1,0.10115871,2014,11,1
98,2014-11-01 07:41:08.340,10.664274,84.77965,398.3614,1,0.10092088,2014,11,1
99,2014-11-01 07:41:08.350,10.653073,84.78215,395.0846,1,0.100940876,2014,11,1
100,2014-11-01 07:41:08.360,10.641796,84.78457,395.52213,1,0.100730486,2014,11,1
101,2014-11-01 07:41:08.370,10.630477,84.786896,396.61795,1,0.100968495,2014,11,1
102,2014-11-01 07:41:08.380,10.619108,84.789116,395.96463,0,0.100974835,2014,11,1
103,2014-11-01 07:41:08.710,10.716495,84.76704,396.43414,1,0.1008132,2014,11,1
104,2014-11-01 07:41:08.720,10.705393,84.769844,396.27795,0,0.10095198,2014,11,1
105,2014-11-01 07:41:08.730,10.694195,84.77257,396.4373,0,0.100905575,2014,11,1
106,2014-11-01 07:41:08.740,10.682937,84.7752,397.75565,1,0.10090065,2014,11,1
107,2014-11-01 07:41:08.750,10.671736,84.77771,395.78055,0,0.1010572,2014,11,1
108,2014-11-01 07:41:08.760,10.660459,84.780136,396.29074,1,0.10100907,2014,11,1
109,2014-11-01 07:41:09.010,10.735156,84.76257,396.58698,0,0.100954816,2014,11,1
110,2014-11-01 07:41:09.030,10.712857,84.76811,396.90372,0,0.1009385,2014,11,1
111,2014-11-01 07:41:09.040,10.701599,84.770744,396.34366,1,0.10095515,2014,11,1
112,2014-11-01 07:41:09.050,10.690398,84.77326,396.31967,1,0.100869246,2014,11,1
113,2014-11-01 07:41:09.060,10.679113,84.77569,397.8948,1,0.100942455,2014,11,1
114,2014-11-01 07:41:09.070,10.667787,84.778015,396.11255,0,0.10103452,2014,11,1
115,2014-11-01 07:41:09.080,10.65641,84.78025,395.883,1,0.10087029,2014,11,1
116,2014-11-01 07:41:09.310,10.753755,84.75808,396.6395,1,0.100814275,2014,11,1
117,2014-11-01 07:41:09.320,10.742646,84.760895,395.88437,1,0.100979835,2014,11,1
118,2014-11-01 07:41:09.330,10.731441,84.763626,396.02234,1,0.10102718,2014,11,1
119,2014-11-01 07:41:09.340,10.720175,84.76626,395.7763,1,0.100831866,2014,11,1
120,2014-11-01 07:41:09.350,10.708965,84.768776,395.5529,0,0.10098018,2014,11,1
121,2014-11-01 07:41:09.360,10.69768,84.77121,395.83438,0,0.10090996,2014,11,1
122,2014-11-01 07:41:09.370,10.686353,84.773544,396.71484,1,0.10090022,2014,11,1
123,2014-11-01 07:41:09.380,10.674976,84.77578,397.0631,1,0.10112923,2014,11,1
124,2014-11-01 07:41:09.730,10.750008,84.759125,396.81323,1,0.100862466,2014,11,1
125,2014-11-01 07:41:09.740,10.738742,84.761765,396.25424,0,0.100936264,2014,11,1
126,2014-11-01 07:41:09.750,10.727532,84.76429,395.95306,0,0.10090934,2014,11,1
127,2014-11-01 07:41:09.760,10.716247,84.76673,396.3939,0,0.1007873,2014,11,1
128,2014-11-01 07:41:09.770,10.70492,84.769066,396.1808,0,0.101011194,2014,11,1
129,2014-11-01 07:41:09.780,10.6935425,84.77131,396.68613,1,0.100877315,2014,11,1
130,2014-11-01 07:41:10.050,10.746099,84.7598,397.01007,1,0.1008789,2014,11,1
131,2014-11-01 07:41:10.060,10.73481,84.762245,395.7142,0,0.10104474,2014,11,1
132,2014-11-01 07:41:10.070,10.723477,84.764595,396.25137,0,0.100919455,2014,11,1
133,2014-11-01 07:41:10.080,10.712095,84.766846,396.21365,0,0.10097003,2014,11,1
134,2014-11-01 07:41:10.310,10.80942,84.744576,397.90707,1,0.10082253,2014,11,1
135,2014-11-01 07:41:10.360,10.753322,84.75779,396.332,1,0.10087549,2014,11,1
136,2014-11-01 07:41:10.370,10.741989,84.76014,396.2666,0,0.10099717,2014,11,1
137,2014-11-01 07:41:10.380,10.730607,84.7624,396.03998,0,0.10101133,2014,11,1
138,2014-11-01 07:41:10.710,10.827932,84.7401,396.9152,1,0.10090453,2014,11,1
139,2014-11-01 07:41:10.720,10.816819,84.74293,397.6368,1,0.10087994,2014,11,1
140,2014-11-01 07:41:11.010,10.846445,84.73561,396.37064,1,0.100931644,2014,11,1
141,2014-11-01 07:41:11.020,10.835332,84.73845,396.41217,0,0.10091148,2014,11,1
142,2014-11-01 07:41:11.030,10.824122,84.74121,397.01624,1,0.10088336,2014,11,1
143,2014-11-01 07:41:11.040,10.812852,84.74387,397.5889,1,0.100760266,2014,11,1
144,2014-11-01 07:41:11.310,10.864912,84.73114,395.80164,1,0.10082863,2014,11,1
145,2014-11-01 07:41:11.320,10.853793,84.733986,396.08575,1,0.10082988,2014,11,1
146,2014-11-01 07:41:11.330,10.842577,84.73675,395.85925,1,0.10102202,2014,11,1
147,2014-11-01 07:41:11.340,10.831301,84.73942,396.4903,1,0.100853086,2014,11,1
148,2014-11-01 07:41:11.350,10.82008,84.741974,397.3897,1,0.10076899,2014,11,1
149,2014-11-01 07:41:11.710,10.883355,84.72667,396.52704,1,0.100867644,2014,11,1
150,2014-11-01 07:41:11.720,10.872236,84.72952,395.87216,1,0.100890465,2014,11,1
151,2014-11-01 07:41:11.730,10.86102,84.732285,395.66327,1,0.100981854,2014,11,1
152,2014-11-01 07:41:11.740,10.849744,84.73496,395.68713,1,0.100854956,2014,11,1
153,2014-11-01 07:41:11.750,10.838523,84.73752,395.54382,1,0.10084848,2014,11,1
154,2014-11-01 07:41:11.760,10.827225,84.73999,395.83105,1,0.10090372,2014,11,1
155,2014-11-01 07:41:12.020,10.890679,84.72505,395.78192,0,0.10083673,2014,11,1
156,2014-11-01 07:41:12.030,10.879463,84.72783,395.9735,1,0.10091193,2014,11,1
157,2014-11-01 07:41:12.040,10.868186,84.73051,395.98938,1,0.10086705,2014,11,1
158,2014-11-01 07:41:12.050,10.856965,84.73307,395.85565,0,0.100949086,2014,11,1
159,2014-11-01 07:41:12.060,10.84567,84.735535,395.28748,0,0.10090501,2014,11,1
160,2014-11-01 07:41:12.070,10.834332,84.7379,395.84167,1,0.100893475,2014,11,1
161,2014-11-01 07:41:12.080,10.822945,84.740166,397.81094,1,0.10077529,2014,11,1
162,2014-11-01 07:41:12.340,10.886658,84.72593,395.95706,1,0.10083727,2014,11,1
163,2014-11-01 07:41:12.350,10.87544,84.728485,395.6138,1,0.10086309,2014,11,1
164,2014-11-01 07:41:12.360,10.864143,84.73095,395.19165,1,0.10094769,2014,11,1
165,2014-11-01 07:41:12.370,10.852806,84.73332,395.69147,1,0.10097286,2014,11,1
166,2014-11-01 07:41:12.380,10.841418,84.735596,395.55865,0,0.100920014,2014,11,1
167,2014-11-01 07:41:12.750,10.893914,84.7239,395.9749,1,0.10045639,2014,11,1
168,2014-11-01 07:41:12.760,10.882618,84.72637,395.5055,0,0.10093734,2014,11,1
169,2014-11-01 07:41:12.770,10.87128,84.728745,395.68338,1,0.100925595,2014,11,1
170,2014-11-01 07:41:12.780,10.859891,84.731026,395.79343,0,0.10096419,2014,11,1
171,2014-11-01 07:41:13.070,10.889758,84.72417,396.1448,0,0.10078107,2014,11,1
172,2014-11-01 07:41:13.080,10.878371,84.72645,395.4581,0,0.10101989,2014,11,1
173,2014-11-01 07:41:13.310,10.97571,84.703804,397.07257,1,0.100317396,2014,11,1
174,2014-11-01 07:41:13.730,10.971888,84.70483,395.83664,1,0.100304395,2014,11,1
175,2014-11-01 07:41:14.360,10.97521,84.703415,396.1137,1,0.10030016,2014,11,1
176,2014-11-01 07:41:14.780,10.971096,84.70357,396.7064,1,0.100280076,2014,11,1
177,2014-11-01 07:41:15.010,11.068483,84.68077,395.77728,1,0.100748375,2014,11,1
178,2014-11-01 07:41:15.310,11.087136,84.67616,396.7518,1,0.1009014,2014,11,1
179,2014-11-01 07:41:15.330,11.0648365,84.68187,396.29413,1,0.10075226,2014,11,1
180,2014-11-01 07:41:15.710,11.105824,84.67156,397.06375,1,0.10088645,2014,11,1
181,2014-11-01 07:41:15.740,11.072265,84.67999,396.46255,1,0.10072569,2014,11,1
182,2014-11-01 07:41:16.010,11.124505,84.66695,395.85275,1,0.1008959,2014,11,1
183,2014-11-01 07:41:16.020,11.113403,84.669846,396.51093,1,0.10093448,2014,11,1
184,2014-11-01 07:41:16.030,11.102205,84.67267,397.14847,1,0.100893065,2014,11,1
185,2014-11-01 07:41:16.040,11.090946,84.6754,397.09772,1,0.10079235,2014,11,1
186,2014-11-01 07:41:16.330,11.120883,84.6681,395.91122,1,0.1009164,2014,11,1
187,2014-11-01 07:41:16.340,11.109623,84.67084,396.6488,1,0.10088227,2014,11,1
188,2014-11-01 07:41:16.350,11.098418,84.673454,396.68677,1,0.10084487,2014,11,1
189,2014-11-01 07:41:16.360,11.087136,84.67598,397.0926,1,0.10087161,2014,11,1
190,2014-11-01 07:41:16.370,11.075811,84.67841,395.82977,1,0.100860864,2014,11,1
191,2014-11-01 07:41:16.380,11.064436,84.68075,396.47415,1,0.10063782,2014,11,1
192,2014-11-01 07:41:16.740,11.128301,84.666275,396.26605,1,0.10066625,2014,11,1
193,2014-11-01 07:41:16.750,11.117096,84.6689,396.0205,1,0.10079865,2014,11,1
194,2014-11-01 07:41:16.760,11.105814,84.67143,396.5154,1,0.10078045,2014,11,1
195,2014-11-01 07:41:17.060,11.124486,84.66688,395.89365,1,0.10084279,2014,11,1
196,2014-11-01 07:41:17.070,11.113155,84.66931,396.4252,1,0.10086272,2014,11,1
197,2014-11-01 07:41:17.080,11.101774,84.67165,397.7064,1,0.10081474,2014,11,1
198,2014-11-01 07:41:17.310,11.199172,84.64859,397.41858,1,0.10079348,2014,11,1
199,2014-11-01 07:41:17.380,11.120386,84.667046,395.94302,1,0.10103163,2014,11,1
200,2014-11-01 07:41:17.710,11.217786,84.64394,395.733,0,0.10083637,2014,11,1
201,2014-11-01 07:41:17.720,11.206679,84.646866,396.99704,1,0.10082624,2014,11,1
202,2014-11-01 07:41:17.730,11.195476,84.64971,398.31015,1,0.10080696,2014,11,1
203,2014-11-01 07:41:18.010,11.236399,84.6393,395.82138,1,0.100758046,2014,11,1
204,2014-11-01 07:41:18.020,11.225292,84.64223,395.44818,1,0.10060089,2014,11,1
205,2014-11-01 07:41:18.030,11.214088,84.64508,395.941,1,0.101019174,2014,11,1
206,2014-11-01 07:41:18.040,11.202823,84.647835,397.03958,1,0.10080612,2014,11,1
207,2014-11-01 07:41:18.310,11.255005,84.634674,396.42633,1,0.10086526,2014,11,1
208,2014-11-01 07:41:18.320,11.243897,84.63761,396.6703,1,0.10077437,2014,11,1
209,2014-11-01 07:41:18.330,11.232693,84.64047,395.9119,0,0.10060305,2014,11,1
210,2014-11-01 07:41:18.340,11.221426,84.643234,395.74722,1,0.10077798,2014,11,1
211,2014-11-01 07:41:18.350,11.210215,84.64588,395.6764,0,0.10091105,2014,11,1
212,2014-11-01 07:41:18.360,11.198926,84.64844,396.53705,1,0.10082373,2014,11,1
213,2014-11-01 07:41:18.710,11.273608,84.630066,396.42892,1,0.10089151,2014,11,1
214,2014-11-01 07:41:18.720,11.262501,84.63301,395.86453,1,0.10098004,2014,11,1
215,2014-11-01 07:41:18.730,11.251296,84.63587,396.4137,1,0.10084523,2014,11,1
216,2014-11-01 07:41:18.740,11.240029,84.63863,396.48734,0,0.10075182,2014,11,1
217,2014-11-01 07:41:18.750,11.228817,84.64129,395.94104,1,0.10055586,2014,11,1
218,2014-11-01 07:41:18.760,11.217528,84.643845,395.9877,0,0.10081514,2014,11,1
219,2014-11-01 07:41:18.770,11.206196,84.64631,396.15216,1,0.101013936,2014,11,1
220,2014-11-01 07:41:18.780,11.194812,84.64868,397.61148,1,0.10079798,2014,11,1
221,2014-11-01 07:41:19.010,11.292211,84.62546,395.9675,1,0.10074357,2014,11,1
222,2014-11-01 07:41:19.020,11.281103,84.6284,396.14087,1,0.10078793,2014,11,1
223,2014-11-01 07:41:19.030,11.269898,84.63127,396.65082,1,0.10093582,2014,11,1
224,2014-11-01 07:41:19.040,11.258632,84.63404,396.2627,0,0.10092906,2014,11,1
225,2014-11-01 07:41:19.050,11.247419,84.636696,395.44128,1,0.10081759,2014,11,1
226,2014-11-01 07:41:19.060,11.23613,84.63927,396.2293,0,0.10068394,2014,11,1
227,2014-11-01 07:41:19.070,11.224795,84.64173,395.83868,0,0.10070164,2014,11,1
228,2014-11-01 07:41:19.080,11.21341,84.644104,395.73657,1,0.10097754,2014,11,1
229,2014-11-01 07:41:19.310,11.310805,84.62085,395.86877,1,0.10043839,2014,11,1
230,2014-11-01 07:41:19.320,11.299698,84.6238,395.56818,1,0.10055683,2014,11,1
231,2014-11-01 07:41:19.330,11.288492,84.62667,395.9855,1,0.10082103,2014,11,1
232,2014-11-01 07:41:19.340,11.277224,84.629456,396.11697,1,0.10079749,2014,11,1
233,2014-11-01 07:41:19.350,11.266011,84.63211,396.18256,1,0.10101698,2014,11,1
234,2014-11-01 07:41:19.360,11.254721,84.63468,395.62045,0,0.10100523,2014,11,1
235,2014-11-01 07:41:19.370,11.243386,84.63716,396.52704,0,0.100814134,2014,11,1
236,2014-11-01 07:41:19.380,11.232001,84.63954,395.8516,0,0.10085629,2014,11,1
237,2014-11-01 07:41:19.710,11.329397,84.61625,396.8062,1,0.10093905,2014,11,1
238,2014-11-01 07:41:19.720,11.318289,84.6192,396.2792,0,0.10073002,2014,11,1
239,2014-11-01 07:41:19.730,11.307083,84.62208,395.3312,1,0.1005762,2014,11,1
240,2014-11-01 07:41:19.740,11.295815,84.62486,395.6019,1,0.10079804,2014,11,1
241,2014-11-01 07:41:19.750,11.284602,84.62753,396.20444,1,0.10081112,2014,11,1
242,2014-11-01 07:41:19.760,11.273312,84.630104,396.54398,1,0.10079521,2014,11,1
243,2014-11-01 07:41:19.770,11.261977,84.63258,395.7604,0,0.10099605,2014,11,1
244,2014-11-01 07:41:19.780,11.250591,84.63497,395.904,0,0.10093018,2014,11,1
245,2014-11-01 07:41:20.020,11.336881,84.61461,394.97464,1,0.100406714,2014,11,1
246,2014-11-01 07:41:20.030,11.325674,84.61749,396.81967,1,0.10089669,2014,11,1
247,2014-11-01 07:41:20.040,11.314406,84.62028,395.2288,0,0.10053421,2014,11,1
248,2014-11-01 07:41:20.050,11.303193,84.62295,395.8684,1,0.10064282,2014,11,1
249,2014-11-01 07:41:20.060,11.291907,84.625534,396.05896,1,0.100886256,2014,11,1
250,2014-11-01 07:41:20.070,11.280579,84.62802,396.10666,1,0.100850314,2014,11,1
251,2014-11-01 07:41:20.080,11.269198,84.63042,396.6121,1,0.10090117,2014,11,1
252,2014-11-01 07:41:20.340,11.333063,84.61574,396.03143,1,0.10067744,2014,11,1
253,2014-11-01 07:41:20.350,11.321856,84.618416,396.11786,0,0.100863494,2014,11,1
254,2014-11-01 07:41:20.360,11.310571,84.621,395.4176,1,0.10057814,2014,11,1
255,2014-11-01 07:41:20.370,11.299241,84.6235,394.9401,1,0.101019554,2014,11,1
256,2014-11-01 07:41:20.380,11.287861,84.62589,395.7754,1,0.10097448,2014,11,1
257,2014-11-01 07:41:20.760,11.329233,84.61648,396.71066,1,0.100799784,2014,11,1
258,2014-11-01 07:41:20.770,11.317904,84.61897,395.43927,1,0.1007528,2014,11,1
259,2014-11-01 07:41:20.780,11.306523,84.621376,395.1542,1,0.10069391,2014,11,1
260,2014-11-01 07:41:21.020,11.392852,84.60095,397.22473,1,0.10083537,2014,11,1
261,2014-11-01 07:41:21.070,11.336555,84.614456,394.63513,0,0.100247845,2014,11,1
262,2014-11-01 07:41:21.080,11.325167,84.61686,397.3755,1,0.10083775,2014,11,1
263,2014-11-01 07:41:21.330,11.400247,84.59932,396.4212,1,0.10070595,2014,11,1
264,2014-11-01 07:41:21.340,11.388978,84.60213,397.67975,1,0.100724265,2014,11,1
265,2014-11-01 07:41:21.710,11.441144,84.58888,397.3418,1,0.100683145,2014,11,1
266,2014-11-01 07:41:21.750,11.396344,84.600296,396.49423,1,0.10077763,2014,11,1
267,2014-11-01 07:41:22.010,11.459724,84.584335,396.65967,1,0.10066651,2014,11,1
268,2014-11-01 07:41:22.020,11.448615,84.58733,395.96497,0,0.100817904,2014,11,1
269,2014-11-01 07:41:22.030,11.437408,84.59025,397.8518,1,0.10077592,2014,11,1
270,2014-11-01 07:41:22.070,11.392302,84.60091,397.26392,1,0.100805156,2014,11,1
271,2014-11-01 07:41:22.310,11.478332,84.57979,395.73383,1,0.10085079,2014,11,1
272,2014-11-01 07:41:22.320,11.467225,84.58279,396.0487,1,0.10087266,2014,11,1
273,2014-11-01 07:41:22.330,11.456022,84.58571,395.9421,1,0.10062782,2014,11,1
274,2014-11-01 07:41:22.340,11.444756,84.58854,396.89783,1,0.10090039,2014,11,1
275,2014-11-01 07:41:22.380,11.399535,84.598816,396.33582,1,0.1007925,2014,11,1
276,2014-11-01 07:41:22.710,11.496951,84.57524,395.68512,1,0.10092768,2014,11,1
277,2014-11-01 07:41:22.720,11.485846,84.57825,396.09213,1,0.10075512,2014,11,1
278,2014-11-01 07:41:22.730,11.474642,84.58117,395.54648,0,0.100925684,2014,11,1
279,2014-11-01 07:41:22.740,11.463376,84.58401,395.64365,1,0.10078527,2014,11,1
280,2014-11-01 07:41:22.750,11.452164,84.58672,395.79108,1,0.100747116,2014,11,1
281,2014-11-01 07:41:22.760,11.440874,84.58935,396.7478,1,0.10075483,2014,11,1
282,2014-11-01 07:41:23.010,11.515571,84.570694,396.54767,1,0.100826345,2014,11,1
283,2014-11-01 07:41:23.020,11.504465,84.57371,396.42395,0,0.10091793,2014,11,1
284,2014-11-01 07:41:23.030,11.493261,84.57664,396.0835,1,0.10093778,2014,11,1
285,2014-11-01 07:41:23.040,11.481996,84.579475,396.1228,1,0.10075167,2014,11,1
286,2014-11-01 07:41:23.050,11.470783,84.58219,395.30917,1,0.10085663,2014,11,1
287,2014-11-01 07:41:23.060,11.459491,84.58482,395.5388,1,0.10079725,2014,11,1
288,2014-11-01 07:41:23.070,11.448154,84.58736,396.5445,1,0.10094012,2014,11,1
289,2014-11-01 07:41:23.080,11.436766,84.5898,397.51862,1,0.10086009,2014,11,1
290,2014-11-01 07:41:23.310,11.534167,84.566154,396.14566,1,0.10088445,2014,11,1
291,2014-11-01 07:41:23.320,11.523059,84.56917,396.00726,0,0.10095498,2014,11,1
292,2014-11-01 07:41:23.330,11.511852,84.572105,396.42203,1,0.10090521,2014,11,1
293,2014-11-01 07:41:23.340,11.500584,84.57495,396.15735,0,0.10093146,2014,11,1
294,2014-11-01 07:41:23.350,11.489368,84.577675,395.85104,0,0.10086656,2014,11,1
295,2014-11-01 07:41:23.360,11.478075,84.58031,395.5962,0,0.10081576,2014,11,1
296,2014-11-01 07:41:23.370,11.466739,84.58285,395.24887,1,0.101003885,2014,11,1
297,2014-11-01 07:41:23.380,11.455349,84.58529,395.80856,1,0.100991726,2014,11,1
298,2014-11-01 07:41:23.710,11.552752,84.561615,395.91272,1,0.10089236,2014,11,1
299,2014-11-01 07:41:23.720,11.541643,84.56464,396.0107,1,0.10090503,2014,11,1
300,2014-11-01 07:41:23.730,11.5304365,84.56757,396.3107,0,0.10091898,2014,11,1
301,2014-11-01 07:41:23.740,11.519168,84.57043,396.29672,1,0.10084085,2014,11,1
302,2014-11-01 07:41:23.750,11.507953,84.57316,396.1611,0,0.10088774,2014,11,1
303,2014-11-01 07:41:23.760,11.496659,84.5758,396.30795,0,0.10095414,2014,11,1
304,2014-11-01 07:41:23.770,11.485322,84.57834,396.07584,0,0.10078622,2014,11,1
305,2014-11-01 07:41:23.780,11.473933,84.58079,395.5838,0,0.10096599,2014,11,1
306,2014-11-01 07:41:24.010,11.571336,84.557076,395.9987,1,0.1008484,2014,11,1
307,2014-11-01 07:41:24.020,11.560227,84.560104,395.33932,0,0.1009102,2014,11,1
308,2014-11-01 07:41:24.030,11.549022,84.56305,396.55603,0,0.100896016,2014,11,1
309,2014-11-01 07:41:24.040,11.537752,84.5659,395.9781,1,0.10074307,2014,11,1
310,2014-11-01 07:41:24.050,11.526537,84.568634,395.79803,0,0.10079695,2014,11,1
311,2014-11-01 07:41:24.060,11.515245,84.57128,396.37482,0,0.10088332,2014,11,1
312,2014-11-01 07:41:24.070,11.503911,84.57383,396.2262,0,0.10091643,2014,11,1
313,2014-11-01 07:41:24.080,11.492524,84.57628,396.06235,0,0.10099878,2014,11,1
314,2014-11-01 07:41:24.310,11.589943,84.55252,394.70364,0,0.101000756,2014,11,1
315,2014-11-01 07:41:24.320,11.578836,84.55555,395.8761,1,0.10086722,2014,11,1
316,2014-11-01 07:41:24.330,11.567633,84.5585,395.58386,0,0.10087737,2014,11,1
317,2014-11-01 07:41:24.340,11.556366,84.561356,395.8394,1,0.10098924,2014,11,1
318,2014-11-01 07:41:24.350,11.545154,84.564095,395.84836,0,0.100894995,2014,11,1
319,2014-11-01 07:41:24.360,11.533863,84.56674,395.68756,1,0.10086004,2014,11,1
320,2014-11-01 07:41:24.370,11.522528,84.56929,396.19168,0,0.10088207,2014,11,1
321,2014-11-01 07:41:24.380,11.511141,84.57175,396.31116,0,0.10091336,2014,11,1
322,2014-11-01 07:41:24.720,11.597454,84.550995,394.48834,1,0.100797586,2014,11,1
323,2014-11-01 07:41:24.730,11.58625,84.55395,395.59814,1,0.10098309,2014,11,1
324,2014-11-01 07:41:24.740,11.574984,84.55681,395.89523,1,0.10081698,2014,11,1
325,2014-11-01 07:41:24.750,11.56377,84.55955,395.96945,0,0.10096273,2014,11,1
326,2014-11-01 07:41:24.760,11.55248,84.5622,395.89557,1,0.100993365,2014,11,1
327,2014-11-01 07:41:24.770,11.541144,84.56476,395.481,0,0.10096955,2014,11,1
328,2014-11-01 07:41:24.780,11.529757,84.56722,396.38293,0,0.10083769,2014,11,1
329,2014-11-01 07:41:25.040,11.5936,84.55226,394.61578,0,0.10089685,2014,11,1
330,2014-11-01 07:41:25.050,11.582388,84.55501,395.18518,1,0.101026125,2014,11,1
331,2014-11-01 07:41:25.060,11.571097,84.55767,395.6109,1,0.10092256,2014,11,1
332,2014-11-01 07:41:25.070,11.559762,84.56024,395.88763,0,0.10098048,2014,11,1
333,2014-11-01 07:41:25.080,11.548375,84.56271,396.5076,0,0.10095093,2014,11,1
334,2014-11-01 07:41:25.350,11.601013,84.55055,396.45343,1,0.10057482,2014,11,1
335,2014-11-01 07:41:25.360,11.589723,84.55322,395.38168,1,0.10097274,2014,11,1
336,2014-11-01 07:41:25.370,11.578388,84.55579,396.1261,1,0.101015344,2014,11,1
337,2014-11-01 07:41:25.380,11.567001,84.55827,396.18228,0,0.10100804,2014,11,1
338,2014-11-01 07:41:25.710,11.664426,84.53442,396.4683,1,0.100857705,2014,11,1
339,2014-11-01 07:41:25.720,11.653321,84.537476,398.13095,1,0.10075545,2014,11,1
340,2014-11-01 07:41:25.770,11.597014,84.55135,395.27673,1,0.10088866,2014,11,1
341,2014-11-01 07:41:25.780,11.585627,84.55383,395.94232,1,0.100854486,2014,11,1
342,2014-11-01 07:41:26.010,11.683052,84.529945,397.1144,1,0.100850426,2014,11,1
343,2014-11-01 07:41:26.020,11.6719475,84.533005,395.9501,0,0.10086593,2014,11,1
344,2014-11-01 07:41:26.030,11.660745,84.53599,396.00803,1,0.100872114,2014,11,1
345,2014-11-01 07:41:26.330,11.679299,84.53147,396.73608,0,0.10086354,2014,11,1
346,2014-11-01 07:41:26.340,11.668026,84.53436,396.24844,1,0.1009388,2014,11,1
347,2014-11-01 07:41:26.350,11.656806,84.537125,396.34348,1,0.100800455,2014,11,1
348,2014-11-01 07:41:26.710,11.7201605,84.52089,396.82446,1,0.10068866,2014,11,1
349,2014-11-01 07:41:26.740,11.686565,84.52984,396.70602,1,0.10041064,2014,11,1
350,2014-11-01 07:41:26.750,11.675346,84.53261,396.08783,0,0.10092371,2014,11,1
351,2014-11-01 07:41:26.760,11.664048,84.53529,395.89008,0,0.10093129,2014,11,1
352,2014-11-01 07:41:26.770,11.652705,84.53789,397.88126,1,0.100727186,2014,11,1
353,2014-11-01 07:41:27.010,11.738701,84.51636,396.36176,1,0.10105345,2014,11,1
354,2014-11-01 07:41:27.020,11.72759,84.519424,396.69522,1,0.10079621,2014,11,1
355,2014-11-01 07:41:27.030,11.716379,84.522415,395.88187,1,0.100689076,2014,11,1
356,2014-11-01 07:41:27.060,11.682581,84.530785,396.17502,0,0.10082742,2014,11,1
357,2014-11-01 07:41:27.070,11.67123,84.53337,395.3856,0,0.10090506,2014,11,1
358,2014-11-01 07:41:27.080,11.659827,84.535866,396.46915,1,0.100952916,2014,11,1
359,2014-11-01 07:41:27.310,11.757181,84.51179,397.54398,1,0.10079096,2014,11,1
360,2014-11-01 07:41:27.320,11.746062,84.51486,397.13556,1,0.10090351,2014,11,1
361,2014-11-01 07:41:27.330,11.734844,84.51785,396.71722,1,0.100934915,2014,11,1
362,2014-11-01 07:41:27.340,11.723563,84.52075,396.1477,1,0.10070809,2014,11,1
363,2014-11-01 07:41:27.350,11.712336,84.52353,395.79233,1,0.100387886,2014,11,1
364,2014-11-01 07:41:27.380,11.678276,84.53131,396.13812,1,0.10085917,2014,11,1
365,2014-11-01 07:41:27.710,11.775631,84.5072,396.5251,1,0.100935906,2014,11,1
366,2014-11-01 07:41:27.730,11.753294,84.513275,396.3062,1,0.10084954,2014,11,1
367,2014-11-01 07:41:27.740,11.742013,84.51618,396.94653,0,0.10091721,2014,11,1
368,2014-11-01 07:41:27.750,11.730785,84.51897,396.7879,1,0.1009601,2014,11,1
369,2014-11-01 07:41:27.760,11.719479,84.52166,396.83994,1,0.10065309,2014,11,1
370,2014-11-01 07:41:28.010,11.794081,84.50262,397.5745,1,0.10100904,2014,11,1
371,2014-11-01 07:41:28.030,11.771744,84.508705,396.96054,0,0.10106777,2014,11,1
372,2014-11-01 07:41:28.040,11.760462,84.51161,396.5084,1,0.10071088,2014,11,1
373,2014-11-01 07:41:28.050,11.749234,84.514404,396.922,1,0.10084773,2014,11,1
374,2014-11-01 07:41:28.060,11.737927,84.517105,396.29468,1,0.10091058,2014,11,1
375,2014-11-01 07:41:28.070,11.726576,84.51971,396.47443,1,0.10092137,2014,11,1
376,2014-11-01 07:41:28.080,11.715172,84.52222,396.49277,1,0.10074575,2014,11,1
377,2014-11-01 07:41:28.310,11.812533,84.49804,396.4992,0,0.1010662,2014,11,1
378,2014-11-01 07:41:28.320,11.8014145,84.50113,396.7353,1,0.10102651,2014,11,1
379,2014-11-01 07:41:28.330,11.790196,84.50414,397.42142,1,0.10097125,2014,11,1
380,2014-11-01 07:41:28.340,11.778915,84.50706,398.20264,1,0.10089931,2014,11,1
381,2014-11-01 07:41:28.350,11.767687,84.50985,396.4227,1,0.100893825,2014,11,1
382,2014-11-01 07:41:28.360,11.75638,84.51256,395.88385,1,0.10077603,2014,11,1
383,2014-11-01 07:41:28.370,11.7450285,84.51517,397.20175,1,0.100960575,2014,11,1
384,2014-11-01 07:41:28.380,11.733624,84.517685,396.5484,1,0.10099982,2014,11,1
385,2014-11-01 07:41:28.710,11.830988,84.49348,396.09393,1,0.10094269,2014,11,1
386,2014-11-01 07:41:28.720,11.819868,84.49657,396.3354,1,0.101038136,2014,11,1
387,2014-11-01 07:41:28.730,11.80865,84.49958,396.8135,0,0.10105257,2014,11,1
388,2014-11-01 07:41:28.740,11.797369,84.5025,396.9314,1,0.10093169,2014,11,1
389,2014-11-01 07:41:28.750,11.78614,84.5053,397.37732,1,0.100876026,2014,11,1
390,2014-11-01 07:41:28.760,11.774833,84.50801,397.94492,1,0.10099457,2014,11,1
391,2014-11-01 07:41:28.770,11.763481,84.51063,396.35556,1,0.10077539,2014,11,1
392,2014-11-01 07:41:28.780,11.752076,84.513145,396.02158,1,0.1007785,2014,11,1
393,2014-11-01 07:41:29.010,11.849442,84.48891,396.63486,1,0.10112236,2014,11,1
394,2014-11-01 07:41:29.020,11.838322,84.492004,396.07562,1,0.10089587,2014,11,1
395,2014-11-01 07:41:29.030,11.827104,84.49502,396.32254,0,0.10103163,2014,11,1
396,2014-11-01 07:41:29.040,11.815822,84.49795,396.27475,0,0.101004004,2014,11,1
397,2014-11-01 07:41:29.050,11.804593,84.500755,397.03168,1,0.10096076,2014,11,1
398,2014-11-01 07:41:29.060,11.793292,84.50347,396.79526,1,0.100934185,2014,11,1
399,2014-11-01 07:41:29.070,11.781947,84.50609,397.23096,1,0.10095889,2014,11,1
400,2014-11-01 07:41:29.080,11.77055,84.508606,397.09787,0,0.10085288,2014,11,1
401,2014-11-01 07:41:29.310,11.867956,84.48432,396.7078,1,0.10090659,2014,11,1
402,2014-11-01 07:41:29.320,11.856844,84.48743,396.39093,0,0.10119621,2014,11,1
403,2014-11-01 07:41:29.330,11.8456335,84.49044,396.90662,1,0.101009645,2014,11,1
404,2014-11-01 07:41:29.340,11.834358,84.49337,396.6035,1,0.1008834,2014,11,1
405,2014-11-01 07:41:29.350,11.823137,84.496185,396.54913,0,0.101044595,2014,11,1
406,2014-11-01 07:41:29.360,11.811836,84.4989,396.4999,0,0.10105993,2014,11,1
407,2014-11-01 07:41:29.370,11.800491,84.501526,396.99283,1,0.100995995,2014,11,1
408,2014-11-01 07:41:29.380,11.789093,84.50405,397.32672,1,0.10097098,2014,11,1
409,2014-11-01 07:41:29.710,11.886501,84.47973,396.6265,1,0.10070661,2014,11,1
410,2014-11-01 07:41:29.720,11.875389,84.482834,397.0858,1,0.10095526,2014,11,1
411,2014-11-01 07:41:29.730,11.864178,84.48586,396.679,1,0.10093171,2014,11,1
412,2014-11-01 07:41:29.740,11.852903,84.4888,395.61328,1,0.101021536,2014,11,1
413,2014-11-01 07:41:29.750,11.8416815,84.49161,396.07373,1,0.10095835,2014,11,1
414,2014-11-01 07:41:29.760,11.83038,84.49434,396.19772,0,0.100971766,2014,11,1
415,2014-11-01 07:41:29.770,11.819036,84.49696,397.10782,0,0.10104161,2014,11,1
416,2014-11-01 07:41:29.780,11.807636,84.4995,396.7384,1,0.101119995,2014,11,1
417,2014-11-01 07:41:30.010,11.905046,84.47514,395.62253,0,0.10086277,2014,11,1
418,2014-11-01 07:41:30.020,11.893934,84.47826,396.0088,1,0.10058298,2014,11,1
419,2014-11-01 07:41:30.030,11.882723,84.481285,396.1877,1,0.10078369,2014,11,1
420,2014-11-01 07:41:30.040,11.871448,84.48422,396.75168,1,0.10086191,2014,11,1
421,2014-11-01 07:41:30.050,11.860226,84.487045,397.10507,1,0.10091551,2014,11,1
422,2014-11-01 07:41:30.060,11.84893,84.48978,395.8289,1,0.10107065,2014,11,1
423,2014-11-01 07:41:30.070,11.837591,84.49242,395.77304,1,0.100961,2014,11,1
424,2014-11-01 07:41:30.080,11.826199,84.49496,396.38,0,0.10094712,2014,11,1
425,2014-11-01 07:41:30.320,11.9125395,84.47372,395.96307,1,0.10092294,2014,11,1
426,2014-11-01 07:41:30.330,11.901335,84.47675,396.42813,1,0.10069748,2014,11,1
427,2014-11-01 07:41:30.340,11.890066,84.479706,396.5591,1,0.10060897,2014,11,1
428,2014-11-01 07:41:30.360,11.867557,84.485275,396.5013,1,0.10090872,2014,11,1
429,2014-11-01 07:41:30.370,11.856217,84.487915,396.2974,1,0.10112795,2014,11,1
430,2014-11-01 07:41:30.380,11.844825,84.49046,396.53226,1,0.10102516,2014,11,1
431,2014-11-01 07:41:30.710,11.942272,84.46607,396.59967,1,0.10084266,2014,11,1
432,2014-11-01 07:41:30.720,11.931167,84.46919,395.8445,1,0.1010061,2014,11,1
433,2014-11-01 07:41:30.730,11.919962,84.472244,395.96466,1,0.10099305,2014,11,1
434,2014-11-01 07:41:30.740,11.908693,84.4752,396.24863,1,0.1008231,2014,11,1
435,2014-11-01 07:41:30.750,11.897477,84.47803,396.02878,1,0.10066177,2014,11,1
436,2014-11-01 07:41:30.760,11.886183,84.480774,396.8581,1,0.10073272,2014,11,1
437,2014-11-01 07:41:30.770,11.874843,84.48342,396.4906,1,0.100956045,2014,11,1
438,2014-11-01 07:41:30.780,11.86345,84.48597,397.402,1,0.10088968,2014,11,1
439,2014-11-01 07:41:31.010,11.960898,84.46155,396.98782,1,0.100466184,2014,11,1
440,2014-11-01 07:41:31.020,11.949793,84.464676,396.97473,1,0.10077396,2014,11,1
441,2014-11-01 07:41:31.030,11.938588,84.46773,396.57217,1,0.10094813,2014,11,1
442,2014-11-01 07:41:31.040,11.927319,84.47069,396.03912,1,0.10089565,2014,11,1
443,2014-11-01 07:41:31.050,11.916103,84.473526,395.8044,1,0.100890234,2014,11,1
444,2014-11-01 07:41:31.060,11.904807,84.47627,396.42813,1,0.10071176,2014,11,1
445,2014-11-01 07:41:31.070,11.893466,84.47892,395.80856,1,0.10067431,2014,11,1
446,2014-11-01 07:41:31.080,11.8820715,84.481476,396.87375,0,0.10087202,2014,11,1
447,2014-11-01 07:41:31.310,11.979512,84.45701,395.96237,1,0.100716226,2014,11,1
448,2014-11-01 07:41:31.320,11.968406,84.460144,396.8403,1,0.10058832,2014,11,1
449,2014-11-01 07:41:31.330,11.957199,84.463196,397.46222,0,0.10050406,2014,11,1
450,2014-11-01 07:41:31.340,11.94593,84.466156,396.79062,1,0.1008463,2014,11,1
451,2014-11-01 07:41:31.350,11.934712,84.469,395.44968,1,0.10088656,2014,11,1
452,2014-11-01 07:41:31.360,11.923415,84.471756,396.66446,1,0.10098476,2014,11,1
453,2014-11-01 07:41:31.370,11.912074,84.47441,396.1252,1,0.1008756,2014,11,1
454,2014-11-01 07:41:31.380,11.900679,84.47697,395.74454,1,0.10082254,2014,11,1
455,2014-11-01 07:41:31.710,11.998121,84.45247,396.05002,1,0.100573406,2014,11,1
456,2014-11-01 07:41:31.720,11.987014,84.455605,395.52432,1,0.10044285,2014,11,1
457,2014-11-01 07:41:31.730,11.975808,84.458664,396.3942,0,0.10081605,2014,11,1
458,2014-11-01 07:41:31.740,11.964538,84.46163,396.9266,1,0.10036804,2014,11,1
459,2014-11-01 07:41:31.750,11.9533205,84.46448,396.948,1,0.10050646,2014,11,1
460,2014-11-01 07:41:31.760,11.942024,84.46724,396.26102,1,0.10082845,2014,11,1
461,2014-11-01 07:41:31.770,11.930682,84.469894,396.39264,1,0.10104603,2014,11,1
462,2014-11-01 07:41:31.780,11.919287,84.472466,396.11652,1,0.1009884,2014,11,1
463,2014-11-01 07:41:32.010,12.016729,84.44793,396.44324,1,0.100926414,2014,11,1
464,2014-11-01 07:41:32.020,12.005623,84.45107,396.2533,1,0.1009649,2014,11,1
465,2014-11-01 07:41:32.030,11.994416,84.45413,396.40146,1,0.100412674,2014,11,1
466,2014-11-01 07:41:32.040,11.983146,84.45711,395.34726,1,0.10055417,2014,11,1
467,2014-11-01 07:41:32.050,11.971929,84.45996,396.16113,0,0.10070912,2014,11,1
468,2014-11-01 07:41:32.060,11.960634,84.462715,396.79102,1,0.10041756,2014,11,1
469,2014-11-01 07:41:32.070,11.949294,84.46538,397.06808,1,0.100714155,2014,11,1
470,2014-11-01 07:41:32.080,11.9379015,84.46794,396.45236,1,0.10081796,2014,11,1
471,2014-11-01 07:41:32.310,12.0353565,84.44334,396.1615,0,0.101081796,2014,11,1
472,2014-11-01 07:41:32.320,12.024252,84.44648,396.79907,1,0.10089007,2014,11,1
473,2014-11-01 07:41:32.330,12.013048,84.44954,396.12778,0,0.10087161,2014,11,1
474,2014-11-01 07:41:32.340,12.0017805,84.452515,396.42752,1,0.10068683,2014,11,1
475,2014-11-01 07:41:32.350,11.990565,84.45536,394.77386,1,0.100427896,2014,11,1
476,2014-11-01 07:41:32.360,11.979271,84.45812,395.26544,1,0.10066647,2014,11,1
477,2014-11-01 07:41:32.370,11.967931,84.46079,396.63263,1,0.10061302,2014,11,1
478,2014-11-01 07:41:32.380,11.956537,84.463356,397.24652,1,0.100509755,2014,11,1
479,2014-11-01 07:41:32.710,12.053993,84.43872,396.54153,1,0.10095569,2014,11,1
480,2014-11-01 07:41:32.720,12.042889,84.44187,396.08786,1,0.101039864,2014,11,1
481,2014-11-01 07:41:32.730,12.031685,84.44494,396.60873,1,0.100985184,2014,11,1
482,2014-11-01 07:41:32.740,12.020417,84.447914,396.74643,1,0.10090692,2014,11,1
483,2014-11-01 07:41:32.750,12.009202,84.45077,396.25,1,0.10087384,2014,11,1
484,2014-11-01 07:41:32.760,11.997907,84.45354,395.7535,0,0.10059061,2014,11,1
485,2014-11-01 07:41:32.770,11.986567,84.45621,394.7154,1,0.10064694,2014,11,1
486,2014-11-01 07:41:32.780,11.975173,84.45878,396.46637,0,0.100842915,2014,11,1
487,2014-11-01 07:41:33.010,12.07263,84.434105,396.51993,1,0.100904144,2014,11,1
488,2014-11-01 07:41:33.020,12.061525,84.43726,396.79022,1,0.10096809,2014,11,1
489,2014-11-01 07:41:33.030,12.050322,84.44033,396.8172,0,0.10086782,2014,11,1
490,2014-11-01 07:41:33.040,12.039053,84.44331,396.7498,0,0.100958504,2014,11,1
491,2014-11-01 07:41:33.050,12.027838,84.446175,395.80048,0,0.100917645,2014,11,1
492,2014-11-01 07:41:33.060,12.016543,84.448944,396.01425,0,0.10093848,2014,11,1
493,2014-11-01 07:41:33.070,12.005204,84.451614,396.53052,0,0.1008766,2014,11,1
494,2014-11-01 07:41:33.310,12.091273,84.42945,396.05057,1,0.100863084,2014,11,1
495,2014-11-01 07:41:33.320,12.08017,84.43261,396.09058,1,0.100910336,2014,11,1
496,2014-11-01 07:41:33.330,12.068966,84.43568,396.50278,1,0.10095111,2014,11,1
497,2014-11-01 07:41:33.340,12.057699,84.43866,396.3905,1,0.10085011,2014,11,1
498,2014-11-01 07:41:33.350,12.046484,84.44152,396.31552,0,0.10096708,2014,11,1
499,2014-11-01 07:41:33.360,12.03519,84.44429,395.99872,0,0.10102233,2014,11,1
500,2014-11-01 07:41:33.370,12.02385,84.44697,396.34558,0,0.100935645,2014,11,1
501,2014-11-01 07:41:33.380,12.012457,84.44955,396.2996,0,0.10095493,2014,11,1
502,2014-11-01 07:41:33.710,12.109926,84.42478,396.32074,1,0.100827426,2014,11,1
503,2014-11-01 07:41:33.720,12.098823,84.42794,396.14236,1,0.100916736,2014,11,1
504,2014-11-01 07:41:33.730,12.08762,84.43102,396.14325,0,0.1010088,2014,11,1
505,2014-11-01 07:41:33.740,12.076352,84.434006,396.65305,1,0.100859694,2014,11,1
506,2014-11-01 07:41:33.750,12.065138,84.436874,396.07663,0,0.100903064,2014,11,1
507,2014-11-01 07:41:33.760,12.0538435,84.43965,396.5547,0,0.10091513,2014,11,1
508,2014-11-01 07:41:33.770,12.042503,84.44233,396.91074,1,0.10093649,2014,11,1
509,2014-11-01 07:41:33.780,12.03111,84.444916,396.12634,1,0.10110903,2014,11,1
510,2014-11-01 07:41:34.010,12.128572,84.42011,396.1049,1,0.100896545,2014,11,1
511,2014-11-01 07:41:34.020,12.117469,84.42327,396.31857,1,0.10102127,2014,11,1
512,2014-11-01 07:41:34.030,12.106266,84.42635,395.94003,0,0.10097017,2014,11,1
513,2014-11-01 07:41:34.040,12.094998,84.429344,396.17734,1,0.10090882,2014,11,1
514,2014-11-01 07:41:34.050,12.083783,84.43222,396.00153,0,0.10094835,2014,11,1
515,2014-11-01 07:41:34.060,12.072484,84.435,395.7066,0,0.10101109,2014,11,1
516,2014-11-01 07:41:34.070,12.061139,84.43768,396.4305,0,0.10103265,2014,11,1
517,2014-11-01 07:41:34.080,12.04974,84.44027,396.7035,1,0.100950286,2014,11,1
518,2014-11-01 07:41:34.310,12.147174,84.41542,396.45248,1,0.10086395,2014,11,1
519,2014-11-01 07:41:34.320,12.1360655,84.41859,396.08975,1,0.10090247,2014,11,1
520,2014-11-01 07:41:34.330,12.124857,84.42168,395.98596,0,0.10097674,2014,11,1
521,2014-11-01 07:41:34.340,12.113584,84.42467,395.99252,1,0.1008858,2014,11,1
522,2014-11-01 07:41:34.350,12.102364,84.42754,396.1839,1,0.10090482,2014,11,1
523,2014-11-01 07:41:34.360,12.091063,84.43033,395.88947,0,0.10092163,2014,11,1
524,2014-11-01 07:41:34.370,12.079717,84.433014,396.46017,0,0.10096908,2014,11,1
525,2014-11-01 07:41:34.380,12.068317,84.43561,395.92188,0,0.10098747,2014,11,1
526,2014-11-01 07:41:34.710,12.165753,84.41073,396.2867,1,0.10081373,2014,11,1
527,2014-11-01 07:41:34.720,12.154645,84.4139,395.79083,1,0.10090429,2014,11,1
528,2014-11-01 07:41:34.730,12.1434355,84.41699,396.4291,0,0.10095464,2014,11,1
529,2014-11-01 07:41:34.740,12.132163,84.41999,396.01477,1,0.10089105,2014,11,1
530,2014-11-01 07:41:34.750,12.120942,84.42287,395.69626,0,0.100901574,2014,11,1
531,2014-11-01 07:41:34.760,12.109641,84.42566,396.37122,0,0.10093369,2014,11,1
532,2014-11-01 07:41:34.770,12.098295,84.42835,396.14438,0,0.10094545,2014,11,1
533,2014-11-01 07:41:34.780,12.086895,84.43095,396.5722,0,0.10099183,2014,11,1
534,2014-11-01 07:41:35.010,12.184333,84.40604,396.21585,1,0.10093212,2014,11,1
535,2014-11-01 07:41:35.020,12.1732235,84.40921,396.23587,0,0.10098101,2014,11,1
536,2014-11-01 07:41:35.030,12.162015,84.41231,396.5285,0,0.10089823,2014,11,1
537,2014-11-01 07:41:35.040,12.150742,84.415306,395.724,1,0.10091601,2014,11,1
538,2014-11-01 07:41:35.050,12.139521,84.41819,396.05283,1,0.100911275,2014,11,1
539,2014-11-01 07:41:35.060,12.128219,84.42099,395.86142,0,0.10096884,2014,11,1
540,2014-11-01 07:41:35.070,12.11687,84.42368,396.2669,0,0.10102041,2014,11,1
541,2014-11-01 07:41:35.080,12.105469,84.426285,396.28748,0,0.10095327,2014,11,1
542,2014-11-01 07:41:35.310,12.202898,84.40134,396.82288,1,0.10085992,2014,11,1
543,2014-11-01 07:41:35.320,12.191788,84.40452,396.17722,1,0.10093656,2014,11,1
544,2014-11-01 07:41:35.330,12.180577,84.407616,395.90765,0,0.100975364,2014,11,1
545,2014-11-01 07:41:35.340,12.169302,84.41062,396.97467,1,0.1007975,2014,11,1
546,2014-11-01 07:41:35.350,12.158079,84.41351,395.7824,0,0.10093897,2014,11,1
547,2014-11-01 07:41:35.360,12.146777,84.41631,396.07516,0,0.101052895,2014,11,1
548,2014-11-01 07:41:35.370,12.135428,84.419014,395.9512,0,0.10095627,2014,11,1
549,2014-11-01 07:41:35.380,12.124026,84.421616,396.09824,0,0.101016045,2014,11,1
550,2014-11-01 07:41:35.720,12.210346,84.39982,395.81766,1,0.10074626,2014,11,1
551,2014-11-01 07:41:35.730,12.199136,84.40292,396.72046,0,0.10089814,2014,11,1
552,2014-11-01 07:41:35.740,12.1878605,84.40594,396.30832,1,0.100926414,2014,11,1
553,2014-11-01 07:41:35.750,12.176638,84.40883,396.14917,0,0.10090985,2014,11,1
554,2014-11-01 07:41:35.760,12.165335,84.41164,396.7499,0,0.10092428,2014,11,1
555,2014-11-01 07:41:35.770,12.153986,84.414345,396.17175,0,0.10105402,2014,11,1
556,2014-11-01 07:41:35.780,12.142584,84.416954,396.43594,0,0.10099415,2014,11,1
557,2014-11-01 07:41:36.040,12.206419,84.40125,396.5011,1,0.10082482,2014,11,1
558,2014-11-01 07:41:36.050,12.195196,84.40415,396.48303,0,0.1008745,2014,11,1
559,2014-11-01 07:41:36.060,12.183892,84.40697,396.13937,0,0.10104062,2014,11,1
560,2014-11-01 07:41:36.070,12.172543,84.40968,396.28006,0,0.10091303,2014,11,1
561,2014-11-01 07:41:36.080,12.1611395,84.41231,396.50037,0,0.10098187,2014,11,1
562,2014-11-01 07:41:36.350,12.213749,84.39957,395.9395,1,0.10057239,2014,11,1
563,2014-11-01 07:41:36.360,12.202445,84.40239,395.63168,0,0.10091714,2014,11,1
564,2014-11-01 07:41:36.370,12.191095,84.40511,396.24945,0,0.100961216,2014,11,1
565,2014-11-01 07:41:36.380,12.179691,84.407745,396.18283,0,0.10098045,2014,11,1
566,2014-11-01 07:41:36.710,12.277124,84.3827,395.64963,1,0.10071996,2014,11,1
567,2014-11-01 07:41:36.770,12.209647,84.40054,396.1594,1,0.10080161,2014,11,1
568,2014-11-01 07:41:36.780,12.198243,84.403175,396.53082,0,0.101010375,2014,11,1
569,2014-11-01 07:41:37.010,12.295678,84.3781,396.39297,0,0.100964144,2014,11,1
570,2014-11-01 07:41:37.020,12.284567,84.38131,395.29825,0,0.10080873,2014,11,1
571,2014-11-01 07:41:37.030,12.273355,84.384445,397.05392,1,0.10081984,2014,11,1
572,2014-11-01 07:41:37.080,12.216806,84.39859,395.74234,1,0.10065331,2014,11,1
573,2014-11-01 07:41:37.320,12.303155,84.376656,396.9596,1,0.10063887,2014,11,1
574,2014-11-01 07:41:37.330,12.291947,84.37979,395.28342,0,0.10098591,2014,11,1
575,2014-11-01 07:41:37.340,12.280675,84.38283,396.03812,1,0.100902125,2014,11,1
576,2014-11-01 07:41:37.740,12.299275,84.37817,397.0668,0,0.10071051,2014,11,1
577,2014-11-01 07:41:37.750,12.288054,84.38109,394.9358,0,0.10090195,2014,11,1
578,2014-11-01 07:41:37.760,12.276753,84.38393,396.075,1,0.10080364,2014,11,1
579,2014-11-01 07:41:38.060,12.295354,84.37928,396.5234,0,0.10079821,2014,11,1
580,2014-11-01 07:41:38.070,12.284008,84.38203,395.63916,0,0.10096671,2014,11,1
581,2014-11-01 07:41:38.080,12.272607,84.38468,397.52563,1,0.10065149,2014,11,1
582,2014-11-01 07:41:38.370,12.30262,84.37745,397.62842,0,0.10020594,2014,11,1
583,2014-11-01 07:41:38.380,12.291219,84.380104,395.67322,0,0.10080462,2014,11,1
584,2014-11-01 07:41:40.010,12.463034,84.336174,392.71652,1,0.10042613,2014,11,1
585,2014-11-01 07:41:40.020,12.451923,84.339424,392.6662,1,0.10056754,2014,11,1
586,2014-11-01 07:41:40.310,12.48156,84.33152,396.569,1,0.101153985,2014,11,1
587,2014-11-01 07:41:40.320,12.470445,84.33478,393.78726,1,0.10067557,2014,11,1
588,2014-11-01 07:41:40.330,12.459228,84.33796,393.44373,1,0.100684606,2014,11,1
589,2014-11-01 07:41:40.340,12.447947,84.34104,392.17715,1,0.10031838,2014,11,1
590,2014-11-01 07:41:40.710,12.500063,84.32689,396.18768,1,0.10092754,2014,11,1
591,2014-11-01 07:41:40.720,12.488948,84.330154,397.1036,1,0.10093229,2014,11,1
592,2014-11-01 07:41:40.730,12.477731,84.333336,396.46213,1,0.10105205,2014,11,1
593,2014-11-01 07:41:40.740,12.466449,84.336426,393.424,1,0.10068564,2014,11,1
594,2014-11-01 07:41:40.750,12.455219,84.3394,393.34467,1,0.10067705,2014,11,1
595,2014-11-01 07:41:41.010,12.518566,84.32226,396.47546,1,0.100963905,2014,11,1
596,2014-11-01 07:41:41.020,12.50745,84.32552,396.532,1,0.10097648,2014,11,1
597,2014-11-01 07:41:41.030,12.496234,84.32871,396.68625,0,0.10100603,2014,11,1
598,2014-11-01 07:41:41.040,12.484952,84.33181,396.47964,1,0.10095716,2014,11,1
599,2014-11-01 07:41:41.050,12.4737215,84.334785,394.74573,1,0.10080304,2014,11,1
600,2014-11-01 07:41:41.060,12.462407,84.337685,392.7384,1,0.10075458,2014,11,1
601,2014-11-01 07:41:41.070,12.451045,84.34048,393.68347,1,0.10049335,2014,11,1
602,2014-11-01 07:41:41.310,12.537039,84.3177,396.38968,1,0.10097627,2014,11,1
603,2014-11-01 07:41:41.320,12.525919,84.32099,395.97092,0,0.10101543,2014,11,1
604,2014-11-01 07:41:41.330,12.514699,84.324196,396.37912,0,0.100978285,2014,11,1
605,2014-11-01 07:41:41.340,12.503413,84.3273,396.74725,1,0.10092916,2014,11,1
606,2014-11-01 07:41:41.350,12.492178,84.33029,396.23083,1,0.10101232,2014,11,1
607,2014-11-01 07:41:41.360,12.480863,84.3332,396.7083,1,0.10084929,2014,11,1
608,2014-11-01 07:41:41.370,12.4695015,84.336,394.11545,1,0.100804955,2014,11,1
609,2014-11-01 07:41:41.380,12.458084,84.33871,393.71582,1,0.10073922,2014,11,1
610,2014-11-01 07:41:41.710,12.555496,84.313194,395.94626,1,0.10099187,2014,11,1
611,2014-11-01 07:41:41.720,12.544376,84.31648,395.55692,0,0.10114933,2014,11,1
612,2014-11-01 07:41:41.730,12.533155,84.319695,395.7346,0,0.10102907,2014,11,1
613,2014-11-01 07:41:41.740,12.52187,84.32281,396.6565,0,0.10093978,2014,11,1
614,2014-11-01 07:41:41.750,12.510635,84.325806,395.8181,0,0.100962915,2014,11,1
615,2014-11-01 07:41:41.760,12.499319,84.32871,395.9674,1,0.10102369,2014,11,1
616,2014-11-01 07:41:41.770,12.487957,84.33152,396.68463,1,0.1009811,2014,11,1
617,2014-11-01 07:41:41.780,12.47654,84.334236,395.26868,1,0.10098145,2014,11,1
618,2014-11-01 07:41:42.010,12.573954,84.308685,395.86246,1,0.10099043,2014,11,1
619,2014-11-01 07:41:42.020,12.562834,84.31198,396.65063,0,0.101017386,2014,11,1
620,2014-11-01 07:41:42.030,12.551613,84.31519,396.09262,0,0.10105678,2014,11,1
621,2014-11-01 07:41:42.040,12.540326,84.31831,396.09818,1,0.100976676,2014,11,1
622,2014-11-01 07:41:42.050,12.529092,84.32131,396.16766,0,0.10097726,2014,11,1
623,2014-11-01 07:41:42.060,12.5177765,84.32423,396.45758,0,0.1009788,2014,11,1
624,2014-11-01 07:41:42.070,12.506414,84.32704,396.1567,0,0.10098898,2014,11,1
625,2014-11-01 07:41:42.080,12.494998,84.32976,396.7849,0,0.10100523,2014,11,1
626,2014-11-01 07:41:42.310,12.592419,84.304184,394.67816,1,0.1004106,2014,11,1
627,2014-11-01 07:41:42.320,12.5813,84.30748,396.02924,0,0.10097991,2014,11,1
628,2014-11-01 07:41:42.330,12.57008,84.3107,396.34906,1,0.10099925,2014,11,1
629,2014-11-01 07:41:42.340,12.558794,84.31383,396.4009,1,0.100944385,2014,11,1
630,2014-11-01 07:41:42.350,12.54756,84.31683,396.23544,0,0.10097783,2014,11,1
631,2014-11-01 07:41:42.360,12.536244,84.319756,396.2336,1,0.10104939,2014,11,1
632,2014-11-01 07:41:42.370,12.524882,84.32257,395.7766,0,0.10109784,2014,11,1
633,2014-11-01 07:41:42.380,12.513466,84.325294,396.60107,0,0.10103158,2014,11,1
634,2014-11-01 07:41:42.710,12.610888,84.29968,394.7085,1,0.10032961,2014,11,1
635,2014-11-01 07:41:42.730,12.588549,84.30621,395.87216,0,0.10061261,2014,11,1
636,2014-11-01 07:41:42.740,12.577263,84.30934,396.47507,1,0.10097478,2014,11,1
637,2014-11-01 07:41:42.750,12.566029,84.312355,395.89255,0,0.10098878,2014,11,1
638,2014-11-01 07:41:42.760,12.554713,84.31528,395.96042,0,0.10107262,2014,11,1
639,2014-11-01 07:41:42.770,12.54335,84.3181,396.18228,0,0.10109184,2014,11,1
640,2014-11-01 07:41:42.780,12.531934,84.32083,396.1799,0,0.101087674,2014,11,1
641,2014-11-01 07:41:43.010,12.629356,84.29519,396.36722,1,0.10095038,2014,11,1
642,2014-11-01 07:41:43.020,12.6182375,84.2985,395.5079,0,0.10099799,2014,11,1
643,2014-11-01 07:41:43.050,12.584497,84.30788,395.27707,0,0.10089767,2014,11,1
644,2014-11-01 07:41:43.060,12.573188,84.31081,396.42584,0,0.10101178,2014,11,1
645,2014-11-01 07:41:43.070,12.561832,84.31364,396.43454,0,0.10103149,2014,11,1
646,2014-11-01 07:41:43.080,12.550423,84.31637,395.9921,1,0.10102575,2014,11,1
647,2014-11-01 07:41:43.310,12.647886,84.290695,396.0007,1,0.101023786,2014,11,1
648,2014-11-01 07:41:43.320,12.636774,84.29401,395.96985,0,0.10096837,2014,11,1
649,2014-11-01 07:41:43.330,12.625562,84.29724,395.7539,0,0.100918956,2014,11,1
650,2014-11-01 07:41:43.340,12.614283,84.300385,394.27856,0,0.100884706,2014,11,1
651,2014-11-01 07:41:43.370,12.580392,84.309166,396.26123,0,0.10105751,2014,11,1
652,2014-11-01 07:41:43.380,12.568981,84.31191,396.05106,0,0.10099138,2014,11,1
653,2014-11-01 07:41:43.710,12.666446,84.286194,394.9989,1,0.10098668,2014,11,1
654,2014-11-01 07:41:43.720,12.655334,84.28951,395.9237,1,0.10095931,2014,11,1
655,2014-11-01 07:41:43.730,12.644121,84.292755,396.01938,0,0.10098483,2014,11,1
656,2014-11-01 07:41:43.740,12.632843,84.2959,395.89066,1,0.1009931,2014,11,1
657,2014-11-01 07:41:43.750,12.621615,84.29893,395.14783,0,0.10093555,2014,11,1
658,2014-11-01 07:41:43.760,12.610307,84.301865,393.3222,1,0.10057422,2014,11,1
659,2014-11-01 07:41:43.780,12.58754,84.30745,395.94815,0,0.100640215,2014,11,1
660,2014-11-01 07:41:44.020,12.673894,84.28503,395.595,0,0.101090476,2014,11,1
661,2014-11-01 07:41:44.030,12.662681,84.28827,395.36148,1,0.100992784,2014,11,1
662,2014-11-01 07:41:44.040,12.651402,84.29142,396.1885,1,0.10101836,2014,11,1
663,2014-11-01 07:41:44.050,12.640175,84.29446,395.968,1,0.100958824,2014,11,1
664,2014-11-01 07:41:44.060,12.628864,84.29739,395.821,0,0.10087437,2014,11,1
665,2014-11-01 07:41:44.070,12.617507,84.30023,395.16202,0,0.10105467,2014,11,1
666,2014-11-01 07:41:44.310,12.703554,84.27716,394.1294,1,0.10122082,2014,11,1
667,2014-11-01 07:41:44.330,12.681227,84.28373,393.5809,1,0.100350946,2014,11,1
668,2014-11-01 07:41:44.340,12.669946,84.28688,395.46634,1,0.10105377,2014,11,1
669,2014-11-01 07:41:44.350,12.658717,84.28991,395.5672,1,0.101080984,2014,11,1
670,2014-11-01 07:41:44.360,12.647407,84.292854,396.26663,0,0.100999355,2014,11,1
671,2014-11-01 07:41:44.370,12.636049,84.29569,396.26974,0,0.10105097,2014,11,1
672,2014-11-01 07:41:44.380,12.624637,84.29844,396.01788,0,0.100862004,2014,11,1
673,2014-11-01 07:41:44.710,12.722096,84.2726,395.22058,1,0.10092671,2014,11,1
674,2014-11-01 07:41:44.720,12.710983,84.275925,396.20364,1,0.101064414,2014,11,1
675,2014-11-01 07:41:44.730,12.699769,84.279175,393.4439,1,0.10104041,2014,11,1
676,2014-11-01 07:41:44.750,12.677259,84.28536,395.0274,0,0.10055969,2014,11,1
677,2014-11-01 07:41:44.760,12.665949,84.288315,395.4647,0,0.101050355,2014,11,1
678,2014-11-01 07:41:44.770,12.654591,84.29116,395.98737,0,0.101084135,2014,11,1
679,2014-11-01 07:41:44.780,12.643178,84.293915,395.9146,1,0.101080626,2014,11,1
680,2014-11-01 07:41:45.010,12.740639,84.268036,395.571,1,0.10089573,2014,11,1
681,2014-11-01 07:41:45.020,12.729526,84.27137,395.65967,1,0.100858435,2014,11,1
682,2014-11-01 07:41:45.030,12.718311,84.27462,395.00266,1,0.100810684,2014,11,1
683,2014-11-01 07:41:45.040,12.70703,84.27778,396.47592,1,0.10090597,2014,11,1
684,2014-11-01 07:41:45.070,12.673141,84.28662,395.29312,0,0.10084964,2014,11,1
685,2014-11-01 07:41:45.080,12.661732,84.28938,395.7688,0,0.10097617,2014,11,1
686,2014-11-01 07:41:45.310,12.759218,84.26346,395.9357,1,0.100972146,2014,11,1
687,2014-11-01 07:41:45.320,12.748109,84.2668,396.5371,1,0.10095736,2014,11,1
688,2014-11-01 07:41:45.330,12.736899,84.27005,395.35925,0,0.101060495,2014,11,1
689,2014-11-01 07:41:45.340,12.725623,84.27322,395.5171,1,0.10100268,2014,11,1
690,2014-11-01 07:41:45.350,12.714398,84.27626,396.50443,1,0.10073183,2014,11,1
691,2014-11-01 07:41:45.360,12.703092,84.27922,394.2984,1,0.101304375,2014,11,1
692,2014-11-01 07:41:45.380,12.680328,84.284836,393.38687,1,0.100353055,2014,11,1
693,2014-11-01 07:41:45.710,12.777815,84.25888,395.41446,1,0.10092425,2014,11,1
694,2014-11-01 07:41:45.720,12.766706,84.26222,395.23828,1,0.10095554,2014,11,1
695,2014-11-01 07:41:45.730,12.755496,84.26549,395.8818,1,0.10106085,2014,11,1
696,2014-11-01 07:41:45.740,12.74422,84.268654,396.3828,1,0.10100038,2014,11,1
697,2014-11-01 07:41:45.750,12.732995,84.271706,395.0078,0,0.10105766,2014,11,1
698,2014-11-01 07:41:45.760,12.721688,84.274666,394.90878,1,0.10096596,2014,11,1
699,2014-11-01 07:41:45.770,12.710334,84.27753,396.44803,1,0.100793205,2014,11,1
700,2014-11-01 07:41:45.780,12.698925,84.28029,392.76108,1,0.10102634,2014,11,1
701,2014-11-01 07:41:46.010,12.7964115,84.2543,394.07504,1,0.101023965,2014,11,1
702,2014-11-01 07:41:46.020,12.785303,84.25765,394.5404,1,0.10088444,2014,11,1
703,2014-11-01 07:41:46.030,12.774094,84.26092,395.6043,1,0.10086469,2014,11,1
704,2014-11-01 07:41:46.040,12.762817,84.26409,396.10822,1,0.10096174,2014,11,1
705,2014-11-01 07:41:46.050,12.751592,84.26714,395.69623,0,0.10108537,2014,11,1
706,2014-11-01 07:41:46.060,12.740288,84.2701,395.95294,0,0.10094783,2014,11,1
707,2014-11-01 07:41:46.070,12.728937,84.272964,395.20197,1,0.10102017,2014,11,1
708,2014-11-01 07:41:46.080,12.717531,84.275734,395.6226,1,0.10082856,2014,11,1
709,2014-11-01 07:41:46.310,12.815036,84.24969,395.58524,1,0.1010055,2014,11,1
710,2014-11-01 07:41:46.320,12.803931,84.25303,395.3131,0,0.10100042,2014,11,1
711,2014-11-01 07:41:46.330,12.792724,84.256294,393.69287,1,0.10118888,2014,11,1
712,2014-11-01 07:41:46.340,12.781451,84.259476,394.3577,1,0.10075348,2014,11,1
713,2014-11-01 07:41:46.350,12.770229,84.26253,394.66,1,0.10085017,2014,11,1
714,2014-11-01 07:41:46.360,12.758925,84.26549,395.95297,0,0.10107283,2014,11,1
715,2014-11-01 07:41:46.370,12.747575,84.26836,396.70825,1,0.10096201,2014,11,1
716,2014-11-01 07:41:46.380,12.736168,84.27113,396.13275,0,0.10096482,2014,11,1
717,2014-11-01 07:41:46.710,12.8336735,84.24505,395.50702,1,0.10100798,2014,11,1
718,2014-11-01 07:41:46.720,12.822568,84.2484,395.9658,0,0.10105329,2014,11,1
719,2014-11-01 07:41:46.730,12.811361,84.25167,395.48322,1,0.100971855,2014,11,1
720,2014-11-01 07:41:46.740,12.800089,84.25485,394.22394,1,0.101055294,2014,11,1
721,2014-11-01 07:41:46.750,12.788867,84.25791,393.72192,1,0.10110995,2014,11,1
722,2014-11-01 07:41:46.760,12.777563,84.26088,395.3746,1,0.10075286,2014,11,1
723,2014-11-01 07:41:46.770,12.7662115,84.26375,395.11526,0,0.10100908,2014,11,1
724,2014-11-01 07:41:46.780,12.754805,84.266525,396.18796,1,0.10090083,2014,11,1
725,2014-11-01 07:41:47.010,12.852311,84.24041,396.139,1,0.10111119,2014,11,1
726,2014-11-01 07:41:47.020,12.841206,84.24377,395.4133,1,0.10112856,2014,11,1
727,2014-11-01 07:41:47.030,12.829999,84.24705,395.74448,0,0.1010372,2014,11,1
728,2014-11-01 07:41:47.040,12.818727,84.25023,396.1291,1,0.10101114,2014,11,1
729,2014-11-01 07:41:47.050,12.807504,84.253296,395.5367,1,0.10086073,2014,11,1
730,2014-11-01 07:41:47.060,12.796199,84.25626,393.34155,1,0.100956,2014,11,1
731,2014-11-01 07:41:47.070,12.784846,84.259125,393.9342,1,0.10084123,2014,11,1
732,2014-11-01 07:41:47.080,12.773438,84.2619,395.2036,0,0.10091269,2014,11,1
733,2014-11-01 07:41:47.310,12.870939,84.2357,396.66135,1,0.10099139,2014,11,1
734,2014-11-01 07:41:47.320,12.859833,84.23905,397.03296,0,0.10100264,2014,11,1
735,2014-11-01 07:41:47.330,12.848624,84.242325,395.37122,0,0.101076156,2014,11,1
736,2014-11-01 07:41:47.340,12.837351,84.24551,395.6946,1,0.10094246,2014,11,1
737,2014-11-01 07:41:47.350,12.826127,84.248566,395.72787,0,0.10102004,2014,11,1
738,2014-11-01 07:41:47.360,12.814821,84.25153,395.8254,0,0.10102076,2014,11,1
739,2014-11-01 07:41:47.370,12.803469,84.25441,395.8408,1,0.100956,2014,11,1
740,2014-11-01 07:41:47.380,12.79206,84.25719,394.43744,1,0.10094631,2014,11,1
741,2014-11-01 07:41:47.710,12.889562,84.23095,396.18887,0,0.10101956,2014,11,1
742,2014-11-01 07:41:47.720,12.878455,84.23431,396.00824,0,0.101071715,2014,11,1
743,2014-11-01 07:41:47.730,12.867248,84.23759,396.4286,0,0.10107042,2014,11,1
744,2014-11-01 07:41:47.740,12.855973,84.24077,396.2672,0,0.10101683,2014,11,1
745,2014-11-01 07:41:47.750,12.844749,84.243835,395.90747,0,0.10102943,2014,11,1
746,2014-11-01 07:41:47.760,12.833445,84.24681,395.64148,0,0.10102967,2014,11,1
747,2014-11-01 07:41:47.770,12.822091,84.24969,395.90833,0,0.10107969,2014,11,1
748,2014-11-01 07:41:47.780,12.810682,84.25247,395.5815,1,0.10076606,2014,11,1
749,2014-11-01 07:41:48.010,12.908185,84.226204,396.15366,1,0.10099247,2014,11,1
750,2014-11-01 07:41:48.020,12.8970785,84.22956,395.5311,1,0.10103066,2014,11,1
751,2014-11-01 07:41:48.030,12.88587,84.23285,396.44336,0,0.1011229,2014,11,1
752,2014-11-01 07:41:48.040,12.874596,84.23604,395.9649,0,0.10101466,2014,11,1
753,2014-11-01 07:41:48.050,12.863372,84.239105,396.33246,0,0.10096214,2014,11,1
754,2014-11-01 07:41:48.060,12.852062,84.24209,396.19785,0,0.10103778,2014,11,1
755,2014-11-01 07:41:48.070,12.840704,84.24498,395.57635,0,0.10103693,2014,11,1
756,2014-11-01 07:41:48.080,12.82929,84.24777,396.1228,0,0.10103255,2014,11,1
757,2014-11-01 07:41:48.310,12.926769,84.2215,395.68616,1,0.10090714,2014,11,1
758,2014-11-01 07:41:48.320,12.915658,84.22487,396.3227,0,0.10102378,2014,11,1
759,2014-11-01 07:41:48.330,12.904446,84.228165,396.03146,1,0.10106925,2014,11,1
760,2014-11-01 07:41:48.340,12.893167,84.23136,397.0172,0,0.10096639,2014,11,1
761,2014-11-01 07:41:48.350,12.881938,84.23444,396.522,0,0.10104635,2014,11,1
762,2014-11-01 07:41:48.360,12.870627,84.237434,396.1176,0,0.101101816,2014,11,1
763,2014-11-01 07:41:48.370,12.859269,84.240326,396.51358,0,0.101011954,2014,11,1
764,2014-11-01 07:41:48.380,12.847855,84.243126,395.98724,1,0.10089404,2014,11,1
765,2014-11-01 07:41:48.710,12.945328,84.21681,393.3184,1,0.1008495,2014,11,1
766,2014-11-01 07:41:48.720,12.9342165,84.22019,394.3328,1,0.100882776,2014,11,1
767,2014-11-01 07:41:48.730,12.923003,84.22349,396.01108,0,0.10100336,2014,11,1
768,2014-11-01 07:41:48.740,12.911724,84.22669,396.31714,0,0.10113104,2014,11,1
769,2014-11-01 07:41:48.750,12.900496,84.229774,396.15988,0,0.10098506,2014,11,1
770,2014-11-01 07:41:48.760,12.889184,84.23277,395.89844,0,0.10106108,2014,11,1
771,2014-11-01 07:41:48.770,12.877826,84.23567,395.95694,0,0.1011013,2014,11,1
772,2014-11-01 07:41:48.780,12.866411,84.23847,396.8618,0,0.100894324,2014,11,1
773,2014-11-01 07:41:49.010,12.963893,84.212135,395.5901,1,0.10095662,2014,11,1
774,2014-11-01 07:41:49.020,12.952782,84.215515,395.15878,0,0.100920275,2014,11,1
775,2014-11-01 07:41:49.030,12.941568,84.21882,393.34344,1,0.10085829,2014,11,1
776,2014-11-01 07:41:49.040,12.930289,84.22203,394.92334,1,0.10087317,2014,11,1
777,2014-11-01 07:41:49.050,12.91906,84.22512,395.95126,0,0.101096466,2014,11,1
778,2014-11-01 07:41:49.060,12.907745,84.22811,396.1877,0,0.10106841,2014,11,1
779,2014-11-01 07:41:49.070,12.896382,84.23101,396.2404,0,0.1010602,2014,11,1
780,2014-11-01 07:41:49.080,12.884964,84.23381,396.76593,0,0.100847326,2014,11,1
781,2014-11-01 07:41:49.310,12.982427,84.20741,396.6424,1,0.100977674,2014,11,1
782,2014-11-01 07:41:49.320,12.971312,84.2108,395.781,0,0.10105344,2014,11,1
783,2014-11-01 07:41:49.330,12.960094,84.214096,395.462,0,0.10098924,2014,11,1
784,2014-11-01 07:41:49.340,12.948811,84.21731,393.85074,1,0.10077954,2014,11,1
785,2014-11-01 07:41:49.350,12.937577,84.2204,392.88324,1,0.10080765,2014,11,1
786,2014-11-01 07:41:49.360,12.926262,84.2234,395.7313,1,0.10087073,2014,11,1
787,2014-11-01 07:41:49.370,12.914899,84.2263,396.0244,0,0.10106083,2014,11,1
788,2014-11-01 07:41:49.380,12.90348,84.22911,396.56372,0,0.10085772,2014,11,1
789,2014-11-01 07:41:49.710,13.000944,84.202675,396.49286,1,0.10102904,2014,11,1
790,2014-11-01 07:41:49.720,12.989829,84.20606,396.57004,0,0.100980654,2014,11,1
791,2014-11-01 07:41:49.730,12.978612,84.20937,396.7411,0,0.10097563,2014,11,1
792,2014-11-01 07:41:49.740,12.967328,84.212585,396.56805,1,0.10094079,2014,11,1
793,2014-11-01 07:41:49.750,12.956094,84.21568,395.32678,1,0.10070915,2014,11,1
794,2014-11-01 07:41:49.760,12.944778,84.21868,393.21793,1,0.10080148,2014,11,1
795,2014-11-01 07:41:49.770,12.933414,84.22159,394.83328,1,0.1009152,2014,11,1
796,2014-11-01 07:41:49.780,12.921995,84.2244,396.42874,0,0.10095913,2014,11,1
797,2014-11-01 07:41:50.010,13.019462,84.19794,396.61826,1,0.101037264,2014,11,1
798,2014-11-01 07:41:50.020,13.008346,84.20133,396.6329,1,0.10108022,2014,11,1
799,2014-11-01 07:41:50.030,12.9971285,84.20464,396.82675,0,0.10100467,2014,11,1
800,2014-11-01 07:41:50.040,12.985845,84.20786,396.04388,1,0.10094355,2014,11,1
801,2014-11-01 07:41:50.050,12.974611,84.21096,395.88016,0,0.10094936,2014,11,1
802,2014-11-01 07:41:50.060,12.963293,84.213974,395.29645,0,0.10096141,2014,11,1
803,2014-11-01 07:41:50.070,12.951928,84.216896,394.58533,1,0.10072342,2014,11,1
804,2014-11-01 07:41:50.080,12.940507,84.21971,393.47565,1,0.100820504,2014,11,1
805,2014-11-01 07:41:50.310,13.037967,84.193245,396.69714,0,0.100951046,2014,11,1
806,2014-11-01 07:41:50.320,13.02685,84.19664,396.26297,0,0.10100873,2014,11,1
807,2014-11-01 07:41:50.330,13.015631,84.19997,396.48682,0,0.10097391,2014,11,1
808,2014-11-01 07:41:50.340,13.004345,84.20319,396.12772,1,0.10098972,2014,11,1
809,2014-11-01 07:41:50.350,12.99311,84.20631,395.9319,0,0.10097989,2014,11,1
810,2014-11-01 07:41:50.360,12.981792,84.20932,396.19095,0,0.10096949,2014,11,1
811,2014-11-01 07:41:50.370,12.970427,84.21224,396.84106,0,0.10100123,2014,11,1
812,2014-11-01 07:41:50.380,12.959004,84.21507,395.7208,1,0.100740306,2014,11,1
813,2014-11-01 07:41:50.710,13.056466,84.18857,396.4802,0,0.10090035,2014,11,1
814,2014-11-01 07:41:50.720,13.045349,84.19197,396.3643,1,0.10092768,2014,11,1
815,2014-11-01 07:41:50.730,13.03413,84.1953,396.6482,1,0.10097511,2014,11,1
816,2014-11-01 07:41:50.740,13.022844,84.19853,396.57828,0,0.10099676,2014,11,1
817,2014-11-01 07:41:50.750,13.011608,84.201645,396.2668,0,0.10100096,2014,11,1
818,2014-11-01 07:41:50.760,13.00029,84.20467,396.0861,0,0.10100557,2014,11,1
819,2014-11-01 07:41:50.770,12.988924,84.207596,396.11353,0,0.10102348,2014,11,1
820,2014-11-01 07:41:50.780,12.977502,84.210434,396.80173,0,0.10080076,2014,11,1
821,2014-11-01 07:41:51.010,13.0749655,84.18389,395.9383,1,0.1009727,2014,11,1
822,2014-11-01 07:41:51.020,13.0638485,84.1873,396.3025,0,0.100915946,2014,11,1
823,2014-11-01 07:41:51.030,13.052629,84.190636,397.0047,0,0.10096297,2014,11,1
824,2014-11-01 07:41:51.040,13.041343,84.19388,396.65042,1,0.10093808,2014,11,1
825,2014-11-01 07:41:51.050,13.0301075,84.19699,396.30347,0,0.10096486,2014,11,1
826,2014-11-01 07:41:51.060,13.018795,84.20002,396.1822,0,0.10095939,2014,11,1
827,2014-11-01 07:41:51.070,13.007435,84.20296,396.5936,1,0.10099234,2014,11,1
828,2014-11-01 07:41:51.080,12.996018,84.20579,396.4664,0,0.10072932,2014,11,1
829,2014-11-01 07:41:51.310,13.09352,84.179214,395.8015,1,0.10092679,2014,11,1
830,2014-11-01 07:41:51.320,13.08241,84.18263,396.65912,0,0.100914784,2014,11,1
831,2014-11-01 07:41:51.330,13.0711975,84.185974,396.89996,0,0.10088457,2014,11,1
832,2014-11-01 07:41:51.340,13.059917,84.18922,396.20618,1,0.100844085,2014,11,1
833,2014-11-01 07:41:51.350,13.048688,84.19234,396.58368,0,0.10099435,2014,11,1
834,2014-11-01 07:41:51.360,13.037376,84.19537,396.0406,0,0.1009796,2014,11,1
835,2014-11-01 07:41:51.370,13.026016,84.19831,396.30792,0,0.1009782,2014,11,1
836,2014-11-01 07:41:51.380,13.0146,84.20115,396.4065,0,0.10079764,2014,11,1
837,2014-11-01 07:41:51.720,13.101,84.17797,396.10986,1,0.10083878,2014,11,1
838,2014-11-01 07:41:51.730,13.089787,84.18131,396.4185,1,0.10092028,2014,11,1
839,2014-11-01 07:41:51.740,13.078507,84.18456,395.74252,0,0.10088938,2014,11,1
840,2014-11-01 07:41:51.750,13.067278,84.18769,396.20157,0,0.10092594,2014,11,1
841,2014-11-01 07:41:51.760,13.055965,84.19073,396.30408,0,0.10088425,2014,11,1
842,2014-11-01 07:41:51.770,13.044605,84.19367,396.6455,0,0.10104891,2014,11,1
843,2014-11-01 07:41:51.780,13.033189,84.19652,396.71835,1,0.10083837,2014,11,1
844,2014-11-01 07:41:52.010,13.130692,84.169876,393.91486,1,0.1005381,2014,11,1
845,2014-11-01 07:41:52.020,13.119581,84.1733,395.23575,1,0.10082382,2014,11,1
846,2014-11-01 07:41:52.030,13.108369,84.17665,396.45718,1,0.10072235,2014,11,1
847,2014-11-01 07:41:52.040,13.097089,84.17991,396.10657,1,0.100824624,2014,11,1
848,2014-11-01 07:41:52.050,13.085859,84.18304,396.56406,1,0.1008996,2014,11,1
849,2014-11-01 07:41:52.060,13.074547,84.18608,396.01266,0,0.10092224,2014,11,1
850,2014-11-01 07:41:52.070,13.063186,84.18903,396.1311,0,0.10103352,2014,11,1
851,2014-11-01 07:41:52.080,13.051769,84.19188,396.54797,0,0.10084398,2014,11,1
852,2014-11-01 07:41:52.330,13.126947,84.172,393.95468,1,0.10109357,2014,11,1
853,2014-11-01 07:41:52.350,13.104437,84.17839,396.26425,1,0.10090396,2014,11,1
854,2014-11-01 07:41:52.360,13.093124,84.18144,395.59128,0,0.10094204,2014,11,1
855,2014-11-01 07:41:52.370,13.081763,84.184395,396.59564,0,0.100895986,2014,11,1
856,2014-11-01 07:41:52.380,13.070346,84.18725,396.05673,0,0.10080842,2014,11,1
857,2014-11-01 07:41:52.740,13.134245,84.1706,393.45755,1,0.10083366,2014,11,1
858,2014-11-01 07:41:52.750,13.123014,84.173744,395.22766,1,0.10100938,2014,11,1
859,2014-11-01 07:41:52.770,13.10034,84.179756,396.61288,1,0.10088475,2014,11,1
860,2014-11-01 07:41:52.780,13.0889225,84.18262,397.4137,0,0.10077243,2014,11,1
861,2014-11-01 07:41:53.030,13.1641035,84.16268,396.11404,1,0.10063937,2014,11,1
862,2014-11-01 07:41:53.050,13.141592,84.169106,394.52963,1,0.10081225,2014,11,1
863,2014-11-01 07:41:53.060,13.130276,84.172165,393.84067,0,0.10075904,2014,11,1
864,2014-11-01 07:41:53.070,13.11891,84.17513,395.8412,1,0.100930214,2014,11,1
865,2014-11-01 07:41:53.080,13.107489,84.178,397.16187,1,0.10076524,2014,11,1
866,2014-11-01 07:41:53.330,13.182642,84.158066,395.97278,1,0.1005185,2014,11,1
867,2014-11-01 07:41:53.340,13.171358,84.16135,395.3447,1,0.100817695,2014,11,1
868,2014-11-01 07:41:53.350,13.160123,84.1645,397.11896,1,0.10062896,2014,11,1
869,2014-11-01 07:41:53.380,13.126018,84.17341,393.8061,0,0.100839145,2014,11,1
870,2014-11-01 07:41:53.760,13.1673355,84.162964,395.43738,0,0.100801006,2014,11,1
871,2014-11-01 07:41:53.770,13.15597,84.16594,397.89124,1,0.10071204,2014,11,1
872,2014-11-01 07:41:54.070,13.174499,84.16134,394.76736,1,0.10072047,2014,11,1
873,2014-11-01 07:41:54.080,13.163075,84.164215,396.0151,1,0.10070871,2014,11,1
874,2014-11-01 07:42:20.010,14.686347,83.77672,396.71234,1,0.101020366,2014,11,1
875,2014-11-01 07:42:20.310,14.704812,83.77199,397.5548,1,0.10115181,2014,11,1
876,2014-11-01 07:42:20.320,14.6936865,83.77581,397.37704,1,0.101269975,2014,11,1
877,2014-11-01 07:42:20.330,14.682453,83.779564,397.05505,0,0.101103105,2014,11,1
878,2014-11-01 07:42:20.710,14.723298,83.76728,397.9127,1,0.10132958,2014,11,1
879,2014-11-01 07:42:20.720,14.712172,83.77111,397.226,0,0.10136847,2014,11,1
880,2014-11-01 07:42:20.730,14.700939,83.774864,396.48853,0,0.101234466,2014,11,1
881,2014-11-01 07:42:20.740,14.689634,83.77853,396.09616,1,0.10122122,2014,11,1
882,2014-11-01 07:42:21.010,14.741784,83.76257,397.1395,1,0.101284206,2014,11,1
883,2014-11-01 07:42:21.020,14.730658,83.76641,397.11285,1,0.10127682,2014,11,1
884,2014-11-01 07:42:21.030,14.719424,83.770164,397.09543,0,0.10137931,2014,11,1
885,2014-11-01 07:42:21.040,14.708119,83.773834,397.08154,0,0.10126029,2014,11,1
886,2014-11-01 07:42:21.050,14.696861,83.777374,396.30573,0,0.10117057,2014,11,1
887,2014-11-01 07:42:21.060,14.685526,83.78083,397.22583,0,0.100999,2014,11,1
888,2014-11-01 07:42:21.070,14.674139,83.78419,396.37775,0,0.101159684,2014,11,1
889,2014-11-01 07:42:21.310,14.760364,83.7579,397.1287,1,0.10122273,2014,11,1
890,2014-11-01 07:42:21.320,14.7492485,83.76174,396.91547,0,0.101375476,2014,11,1
891,2014-11-01 07:42:21.330,14.738027,83.76551,396.93387,0,0.10113976,2014,11,1
892,2014-11-01 07:42:21.340,14.726733,83.76918,396.55038,0,0.10114896,2014,11,1
893,2014-11-01 07:42:21.350,14.715486,83.772736,396.7844,0,0.101242304,2014,11,1
894,2014-11-01 07:42:21.360,14.704151,83.77619,396.68307,0,0.101231284,2014,11,1
895,2014-11-01 07:42:21.370,14.692764,83.77956,397.22214,0,0.10123356,2014,11,1
896,2014-11-01 07:42:21.380,14.681316,83.78283,397.17746,0,0.10096387,2014,11,1
897,2014-11-01 07:42:21.710,14.77899,83.753235,397.803,1,0.10120925,2014,11,1
898,2014-11-01 07:42:21.720,14.767875,83.75709,397.33438,0,0.10131729,2014,11,1
899,2014-11-01 07:42:21.730,14.756653,83.76086,397.20917,0,0.10125678,2014,11,1
900,2014-11-01 07:42:21.740,14.745359,83.76454,397.8383,1,0.10116686,2014,11,1
901,2014-11-01 07:42:21.750,14.734112,83.76809,397.6984,0,0.101186045,2014,11,1
902,2014-11-01 07:42:21.760,14.722777,83.77156,396.98077,0,0.10104477,2014,11,1
903,2014-11-01 07:42:21.770,14.7113905,83.774925,396.96332,0,0.101143345,2014,11,1
904,2014-11-01 07:42:21.780,14.699942,83.7782,397.1173,0,0.101104446,2014,11,1
905,2014-11-01 07:42:22.020,14.786501,83.75243,397.9315,1,0.10127592,2014,11,1
906,2014-11-01 07:42:22.030,14.775279,83.75621,397.37085,0,0.101275824,2014,11,1
907,2014-11-01 07:42:22.040,14.763986,83.759895,397.3024,0,0.1012437,2014,11,1
908,2014-11-01 07:42:22.050,14.752738,83.76345,397.79126,0,0.10118053,2014,11,1
909,2014-11-01 07:42:22.060,14.741408,83.76692,396.10516,0,0.10113696,2014,11,1
910,2014-11-01 07:42:22.070,14.730026,83.770294,397.88672,0,0.10115968,2014,11,1
911,2014-11-01 07:42:22.080,14.718583,83.77357,397.3251,0,0.1010583,2014,11,1
912,2014-11-01 07:42:22.330,14.7939625,83.75154,397.1047,0,0.10127531,2014,11,1
913,2014-11-01 07:42:22.340,14.782675,83.75523,397.7737,0,0.101209,2014,11,1
914,2014-11-01 07:42:22.350,14.771433,83.75879,397.6918,0,0.101245135,2014,11,1
915,2014-11-01 07:42:22.360,14.760104,83.76227,396.29428,0,0.10135351,2014,11,1
916,2014-11-01 07:42:22.370,14.748721,83.76564,396.15726,1,0.10113272,2014,11,1
917,2014-11-01 07:42:22.380,14.737279,83.76892,397.7732,0,0.10099296,2014,11,1
918,2014-11-01 07:42:22.740,14.801371,83.750565,396.93488,0,0.10120288,2014,11,1
919,2014-11-01 07:42:22.750,14.790129,83.754135,397.19614,0,0.10132379,2014,11,1
920,2014-11-01 07:42:22.760,14.778799,83.757614,397.25455,0,0.10132074,2014,11,1
921,2014-11-01 07:42:22.770,14.767417,83.760994,397.15463,0,0.10115402,2014,11,1
922,2014-11-01 07:42:22.780,14.755974,83.764275,397.63705,0,0.10112044,2014,11,1
923,2014-11-01 07:42:23.050,14.808824,83.74947,396.20334,0,0.10105427,2014,11,1
924,2014-11-01 07:42:23.060,14.797486,83.752945,397.45047,0,0.10123023,2014,11,1
925,2014-11-01 07:42:23.070,14.786096,83.756325,398.1897,0,0.10128713,2014,11,1
926,2014-11-01 07:42:23.080,14.774644,83.759605,397.80807,0,0.10116851,2014,11,1
927,2014-11-01 07:42:23.370,14.804688,83.751564,397.23047,0,0.1011555,2014,11,1
928,2014-11-01 07:42:23.380,14.793236,83.75485,397.4427,0,0.10116352,2014,11,1
929,2014-11-01 07:43:57.010,20.061115,82.35545,398.1132,1,0.09797438,2014,11,1
930,2014-11-01 07:43:57.310,20.079552,82.35042,396.95752,1,0.097798325,2014,11,1
931,2014-11-01 07:43:57.320,20.068338,82.35554,397.99173,1,0.09817484,2014,11,1
932,2014-11-01 07:43:57.330,20.057081,82.36065,399.1904,1,0.09800989,2014,11,1
933,2014-11-01 07:43:57.710,20.098047,82.34543,397.55978,1,0.097980484,2014,11,1
934,2014-11-01 07:43:57.730,20.075497,82.355606,397.73645,1,0.098248124,2014,11,1
935,2014-11-01 07:43:57.740,20.064108,82.36059,399.74176,1,0.097748935,2014,11,1
936,2014-11-01 07:43:57.750,20.05282,82.36549,399.48593,1,0.09736436,2014,11,1
937,2014-11-01 07:43:58.020,20.105394,82.34561,398.07428,1,0.097848944,2014,11,1
938,2014-11-01 07:43:58.030,20.093967,82.3506,397.7669,1,0.09794893,2014,11,1
939,2014-11-01 07:43:58.040,20.082579,82.35559,397.2439,1,0.09806571,2014,11,1
940,2014-11-01 07:43:58.050,20.0712,82.36043,396.76862,1,0.09806218,2014,11,1
941,2014-11-01 07:43:58.060,20.059765,82.36521,399.52707,1,0.09777582,2014,11,1
942,2014-11-01 07:43:58.340,20.101095,82.350624,397.23526,1,0.0977712,2014,11,1
943,2014-11-01 07:43:58.350,20.08967,82.35543,397.54742,1,0.09822169,2014,11,1
944,2014-11-01 07:43:58.360,20.078188,82.36019,397.47495,1,0.098389916,2014,11,1
945,2014-11-01 07:43:58.370,20.066673,82.36487,398.94858,1,0.09769075,2014,11,1
946,2014-11-01 07:43:58.380,20.055132,82.369484,400.9515,1,0.097912356,2014,11,1
947,2014-11-01 07:43:58.730,20.130959,82.34062,399.99344,1,0.097795404,2014,11,1
948,2014-11-01 07:43:58.760,20.096697,82.35522,398.0328,1,0.09793866,2014,11,1
949,2014-11-01 07:43:58.770,20.085135,82.35987,398.07953,1,0.098385714,2014,11,1
950,2014-11-01 07:43:58.780,20.07352,82.36444,398.33218,1,0.09818337,2014,11,1
951,2014-11-01 07:43:59.050,20.126661,82.34547,399.21762,1,0.09783392,2014,11,1
952,2014-11-01 07:43:59.060,20.115154,82.35021,399.94775,1,0.09780998,2014,11,1
953,2014-11-01 07:43:59.070,20.103775,82.355,398.57318,1,0.09767258,2014,11,1
954,2014-11-01 07:43:59.080,20.091986,82.35945,397.98236,1,0.09813503,2014,11,1
955,2014-11-01 07:43:59.370,20.122068,82.34986,398.60657,1,0.09761007,2014,11,1
